date,variable,horizon,median,ct_low,ct_high,range_low,range_high,source_file
20071031,real_gdp,2007,,2.4,2.5,2.2,2.7,20071031_SEP_minutes_addendum.txt
20071031,real_gdp,2008,,1.8,2.5,1.6,2.6,20071031_SEP_minutes_addendum.txt
20071031,real_gdp,2009,,2.3,2.7,2.0,2.8,20071031_SEP_minutes_addendum.txt
20071031,real_gdp,2010,,2.5,2.6,2.2,2.7,20071031_SEP_minutes_addendum.txt
20071031,unemployment,2007,,4.7,4.8,4.7,4.8,20071031_SEP_minutes_addendum.txt
20071031,unemployment,2008,,4.8,4.9,4.6,5.0,20071031_SEP_minutes_addendum.txt
20071031,unemployment,2009,,4.8,4.9,4.6,5.0,20071031_SEP_minutes_addendum.txt
20071031,unemployment,2010,,4.7,4.9,4.6,5.0,20071031_SEP_minutes_addendum.txt
20071031,pce,2007,,2.9,3.0,2.7,3.2,20071031_SEP_minutes_addendum.txt
20071031,pce,2008,,1.8,2.1,1.7,2.3,20071031_SEP_minutes_addendum.txt
20071031,pce,2009,,1.7,2.0,1.5,2.2,20071031_SEP_minutes_addendum.txt
20071031,pce,2010,,1.6,1.9,1.5,2.0,20071031_SEP_minutes_addendum.txt
20071031,core_pce,2007,,1.8,1.9,1.8,2.1,20071031_SEP_minutes_addendum.txt
20071031,core_pce,2008,,1.7,1.9,1.7,2.0,20071031_SEP_minutes_addendum.txt
20071031,core_pce,2009,,1.7,1.9,1.5,2.0,20071031_SEP_minutes_addendum.txt
20071031,core_pce,2010,,1.6,1.9,1.5,2.0,20071031_SEP_minutes_addendum.txt
20080130,unemployment,2008,,5.2,5.3,5.0,5.5,20080130_SEP_minutes_addendum.txt
20080130,unemployment,2009,,5.0,5.3,4.9,5.7,20080130_SEP_minutes_addendum.txt
20080130,unemployment,2010,,4.9,5.1,4.7,5.4,20080130_SEP_minutes_addendum.txt
20080130,pce,2008,,2.1,2.4,2.0,2.8,20080130_SEP_minutes_addendum.txt
20080130,pce,2009,,1.7,2.0,1.7,2.3,20080130_SEP_minutes_addendum.txt
20080130,pce,2010,,1.7,2.0,1.5,2.0,20080130_SEP_minutes_addendum.txt
20080130,core_pce,2008,,2.0,2.2,1.9,2.3,20080130_SEP_minutes_addendum.txt
20080130,core_pce,2009,,1.7,2.0,1.7,2.2,20080130_SEP_minutes_addendum.txt
20080130,core_pce,2010,,1.7,1.9,1.4,2.0,20080130_SEP_minutes_addendum.txt
20080430,unemployment,2008,,5.5,5.7,5.3,6.0,20080430_SEP_minutes_addendum.txt
20080430,unemployment,2009,,5.2,5.7,5.2,6.3,20080430_SEP_minutes_addendum.txt
20080430,unemployment,2010,,4.9,5.5,4.8,5.9,20080430_SEP_minutes_addendum.txt
20080430,pce,2008,,3.1,3.4,2.8,3.8,20080430_SEP_minutes_addendum.txt
20080430,pce,2009,,1.9,2.3,1.7,3.0,20080430_SEP_minutes_addendum.txt
20080430,pce,2010,,1.8,2.0,1.5,2.0,20080430_SEP_minutes_addendum.txt
20080430,core_pce,2008,,2.2,2.4,1.9,2.5,20080430_SEP_minutes_addendum.txt
20080430,core_pce,2009,,1.9,2.1,1.7,2.2,20080430_SEP_minutes_addendum.txt
20080430,core_pce,2010,,1.7,1.9,1.3,2.0,20080430_SEP_minutes_addendum.txt
20080625,real_gdp,2008,,1.0,1.6,0.9,1.8,20080625_SEP_minutes_addendum.txt
20080625,real_gdp,2009,,2.0,2.8,1.9,3.0,20080625_SEP_minutes_addendum.txt
20080625,real_gdp,2010,,2.5,3.0,2.0,3.5,20080625_SEP_minutes_addendum.txt
20080625,unemployment,2008,,5.5,5.7,5.5,5.8,20080625_SEP_minutes_addendum.txt
20080625,unemployment,2009,,5.3,5.8,5.2,6.1,20080625_SEP_minutes_addendum.txt
20080625,unemployment,2010,,5.0,5.6,5.0,5.8,20080625_SEP_minutes_addendum.txt
20080625,pce,2008,,3.8,4.2,3.4,4.6,20080625_SEP_minutes_addendum.txt
20080625,pce,2009,,2.0,2.3,1.7,3.0,20080625_SEP_minutes_addendum.txt
20080625,pce,2010,,1.8,2.0,1.6,2.1,20080625_SEP_minutes_addendum.txt
20080625,core_pce,2008,,2.2,2.4,2.0,2.5,20080625_SEP_minutes_addendum.txt
20080625,core_pce,2009,,2.0,2.2,1.8,2.3,20080625_SEP_minutes_addendum.txt
20080625,core_pce,2010,,1.8,2.0,1.5,2.0,20080625_SEP_minutes_addendum.txt
20081029,real_gdp,2008,,0.0,0.3,-0.3,0.5,20081029_SEP_minutes_addendum.txt
20081029,real_gdp,2009,,-0.2,1.1,-1.0,1.8,20081029_SEP_minutes_addendum.txt
20081029,real_gdp,2010,,2.3,3.2,1.5,4.5,20081029_SEP_minutes_addendum.txt
20081029,real_gdp,2011,,2.8,3.6,2.0,5.0,20081029_SEP_minutes_addendum.txt
20081029,unemployment,2008,,6.3,6.5,6.3,6.6,20081029_SEP_minutes_addendum.txt
20081029,unemployment,2009,,7.1,7.6,6.6,8.0,20081029_SEP_minutes_addendum.txt
20081029,unemployment,2010,,6.5,7.3,5.5,8.0,20081029_SEP_minutes_addendum.txt
20081029,unemployment,2011,,5.5,6.6,4.9,7.3,20081029_SEP_minutes_addendum.txt
20081029,pce,2008,,2.8,3.1,2.7,3.6,20081029_SEP_minutes_addendum.txt
20081029,pce,2009,,1.3,2.0,1.0,2.2,20081029_SEP_minutes_addendum.txt
20081029,pce,2010,,1.4,1.8,1.1,1.9,20081029_SEP_minutes_addendum.txt
20081029,pce,2011,,1.4,1.7,0.8,1.8,20081029_SEP_minutes_addendum.txt
20081029,core_pce,2008,,2.3,2.5,2.1,2.5,20081029_SEP_minutes_addendum.txt
20081029,core_pce,2009,,1.5,2.0,1.3,2.1,20081029_SEP_minutes_addendum.txt
20081029,core_pce,2010,,1.3,1.8,1.1,1.9,20081029_SEP_minutes_addendum.txt
20081029,core_pce,2011,,1.3,1.7,0.8,1.8,20081029_SEP_minutes_addendum.txt
20090128,real_gdp,2009,,-1.3,-0.5,-2.5,0.2,20090128_SEP_minutes_addendum.txt
20090128,real_gdp,2010,,2.5,3.3,1.5,4.5,20090128_SEP_minutes_addendum.txt
20090128,real_gdp,2011,,3.8,5.0,2.3,5.5,20090128_SEP_minutes_addendum.txt
20090128,real_gdp,longer_run,,2.5,2.7,2.4,3.0,20090128_SEP_minutes_addendum.txt
20090128,unemployment,2009,,8.5,8.8,8.0,9.2,20090128_SEP_minutes_addendum.txt
20090128,unemployment,2010,,8.0,8.3,7.0,9.2,20090128_SEP_minutes_addendum.txt
20090128,unemployment,2011,,6.7,7.5,5.5,8.0,20090128_SEP_minutes_addendum.txt
20090128,unemployment,longer_run,,4.8,5.0,4.5,5.5,20090128_SEP_minutes_addendum.txt
20090128,pce,2009,,0.3,1.0,-0.5,1.5,20090128_SEP_minutes_addendum.txt
20090128,pce,2010,,1.0,1.5,0.7,1.8,20090128_SEP_minutes_addendum.txt
20090128,pce,2011,,0.9,1.7,0.2,2.1,20090128_SEP_minutes_addendum.txt
20090128,pce,longer_run,,1.7,2.0,1.5,2.0,20090128_SEP_minutes_addendum.txt
20090128,core_pce,2009,,0.9,1.1,0.6,1.5,20090128_SEP_minutes_addendum.txt
20090128,core_pce,2010,,0.8,1.5,0.4,1.7,20090128_SEP_minutes_addendum.txt
20090128,core_pce,2011,,0.7,1.5,0.0,1.8,20090128_SEP_minutes_addendum.txt
20090429,real_gdp,2009,,-2.0,-1.3,-2.5,-0.5,20090429_SEP_minutes_addendum.txt
20090429,real_gdp,2010,,2.0,3.0,1.5,4.0,20090429_SEP_minutes_addendum.txt
20090429,real_gdp,2011,,3.5,4.8,2.3,5.0,20090429_SEP_minutes_addendum.txt
20090429,real_gdp,longer_run,,2.5,2.7,2.4,3.0,20090429_SEP_minutes_addendum.txt
20090429,unemployment,2009,,9.2,9.6,9.1,10.0,20090429_SEP_minutes_addendum.txt
20090429,unemployment,2010,,9.0,9.5,8.0,9.6,20090429_SEP_minutes_addendum.txt
20090429,unemployment,2011,,7.7,8.5,6.5,9.0,20090429_SEP_minutes_addendum.txt
20090429,unemployment,longer_run,,4.8,5.0,4.5,5.3,20090429_SEP_minutes_addendum.txt
20090429,pce,2009,,0.6,0.9,-0.5,1.2,20090429_SEP_minutes_addendum.txt
20090429,pce,2010,,1.0,1.6,0.7,2.0,20090429_SEP_minutes_addendum.txt
20090429,pce,2011,,1.0,1.9,0.5,2.5,20090429_SEP_minutes_addendum.txt
20090429,pce,longer_run,,1.7,2.0,1.5,2.0,20090429_SEP_minutes_addendum.txt
20090429,core_pce,2009,,1.0,1.5,0.7,1.6,20090429_SEP_minutes_addendum.txt
20090429,core_pce,2010,,0.7,1.3,0.5,2.0,20090429_SEP_minutes_addendum.txt
20090429,core_pce,2011,,0.8,1.6,0.2,2.5,20090429_SEP_minutes_addendum.txt
20090624,real_gdp,2009,,-1.5,-1.0,-1.6,-0.6,20090624_SEP_minutes_addendum.txt
20090624,real_gdp,2010,,2.1,3.3,0.8,4.0,20090624_SEP_minutes_addendum.txt
20090624,real_gdp,2011,,3.8,4.6,2.3,5.0,20090624_SEP_minutes_addendum.txt
20090624,real_gdp,longer_run,,2.5,2.7,2.4,2.8,20090624_SEP_minutes_addendum.txt
20090624,unemployment,2009,,9.8,10.1,9.7,10.5,20090624_SEP_minutes_addendum.txt
20090624,unemployment,2010,,9.5,9.8,8.5,10.6,20090624_SEP_minutes_addendum.txt
20090624,unemployment,2011,,8.4,8.8,6.8,9.2,20090624_SEP_minutes_addendum.txt
20090624,unemployment,longer_run,,4.8,5.0,4.5,6.0,20090624_SEP_minutes_addendum.txt
20090624,pce,2009,,1.0,1.4,1.0,1.8,20090624_SEP_minutes_addendum.txt
20090624,pce,2010,,1.2,1.8,0.9,2.0,20090624_SEP_minutes_addendum.txt
20090624,pce,2011,,1.1,2.0,0.5,2.5,20090624_SEP_minutes_addendum.txt
20090624,pce,longer_run,,1.7,2.0,1.5,2.1,20090624_SEP_minutes_addendum.txt
20090624,core_pce,2009,,1.3,1.6,1.2,2.0,20090624_SEP_minutes_addendum.txt
20090624,core_pce,2010,,1.0,1.5,0.5,2.0,20090624_SEP_minutes_addendum.txt
20090624,core_pce,2011,,0.9,1.7,0.2,2.5,20090624_SEP_minutes_addendum.txt
20091104,real_gdp,2009,,-0.4,-0.1,-0.5,0.0,20091104_SEP_minutes_addendum.txt
20091104,real_gdp,2010,,2.5,3.5,2.0,4.0,20091104_SEP_minutes_addendum.txt
20091104,real_gdp,2011,,3.4,4.5,2.5,4.6,20091104_SEP_minutes_addendum.txt
20091104,real_gdp,2012,,3.5,4.8,2.8,5.0,20091104_SEP_minutes_addendum.txt
20091104,real_gdp,longer_run,,2.5,2.8,2.4,3.0,20091104_SEP_minutes_addendum.txt
20091104,unemployment,2009,,9.9,10.1,9.8,10.3,20091104_SEP_minutes_addendum.txt
20091104,unemployment,2010,,9.3,9.7,8.6,10.2,20091104_SEP_minutes_addendum.txt
20091104,unemployment,2011,,8.2,8.6,7.2,8.7,20091104_SEP_minutes_addendum.txt
20091104,unemployment,2012,,6.8,7.5,6.1,7.6,20091104_SEP_minutes_addendum.txt
20091104,unemployment,longer_run,,5.0,5.2,4.8,6.3,20091104_SEP_minutes_addendum.txt
20091104,pce,2009,,1.1,1.2,1.0,1.7,20091104_SEP_minutes_addendum.txt
20091104,pce,2010,,1.3,1.6,1.1,2.0,20091104_SEP_minutes_addendum.txt
20091104,pce,2011,,1.0,1.9,0.6,2.4,20091104_SEP_minutes_addendum.txt
20091104,pce,2012,,1.2,1.9,0.2,2.3,20091104_SEP_minutes_addendum.txt
20091104,pce,longer_run,,1.7,2.0,1.5,2.0,20091104_SEP_minutes_addendum.txt
20091104,core_pce,2009,,1.4,1.5,1.3,1.6,20091104_SEP_minutes_addendum.txt
20091104,core_pce,2010,,1.0,1.5,0.9,2.0,20091104_SEP_minutes_addendum.txt
20091104,core_pce,2011,,1.0,1.6,0.5,2.4,20091104_SEP_minutes_addendum.txt
20091104,core_pce,2012,,1.0,1.7,0.2,2.3,20091104_SEP_minutes_addendum.txt
20100127,real_gdp,2010,,2.8,3.5,2.3,4.0,20100127_SEP_minutes_addendum.txt
20100127,real_gdp,2011,,3.4,4.5,2.7,4.7,20100127_SEP_minutes_addendum.txt
20100127,real_gdp,2012,,3.5,4.5,3.0,5.0,20100127_SEP_minutes_addendum.txt
20100127,real_gdp,longer_run,,2.5,2.8,2.4,3.0,20100127_SEP_minutes_addendum.txt
20100127,unemployment,2010,,9.5,9.7,8.6,10.0,20100127_SEP_minutes_addendum.txt
20100127,unemployment,2011,,8.2,8.5,7.2,8.8,20100127_SEP_minutes_addendum.txt
20100127,unemployment,2012,,6.6,7.5,6.1,7.6,20100127_SEP_minutes_addendum.txt
20100127,unemployment,longer_run,,5.0,5.2,4.9,6.3,20100127_SEP_minutes_addendum.txt
20100127,pce,2010,,1.4,1.7,1.2,2.0,20100127_SEP_minutes_addendum.txt
20100127,pce,2011,,1.1,2.0,1.0,2.4,20100127_SEP_minutes_addendum.txt
20100127,pce,2012,,1.3,2.0,0.8,2.0,20100127_SEP_minutes_addendum.txt
20100127,pce,longer_run,,1.7,2.0,1.5,2.0,20100127_SEP_minutes_addendum.txt
20100127,core_pce,2010,,1.1,1.7,1.0,2.0,20100127_SEP_minutes_addendum.txt
20100127,core_pce,2011,,1.0,1.9,0.9,2.4,20100127_SEP_minutes_addendum.txt
20100127,core_pce,2012,,1.2,1.9,0.8,2.0,20100127_SEP_minutes_addendum.txt
20100428,real_gdp,2010,,3.2,3.7,2.7,4.0,20100428_SEP_minutes_addendum.txt
20100428,real_gdp,2011,,3.4,4.5,3.0,4.6,20100428_SEP_minutes_addendum.txt
20100428,real_gdp,2012,,3.5,4.5,2.8,5.0,20100428_SEP_minutes_addendum.txt
20100428,real_gdp,longer_run,,2.5,2.8,2.4,3.0,20100428_SEP_minutes_addendum.txt
20100428,unemployment,2010,,9.1,9.5,8.6,9.7,20100428_SEP_minutes_addendum.txt
20100428,unemployment,2011,,8.1,8.5,7.2,8.7,20100428_SEP_minutes_addendum.txt
20100428,unemployment,2012,,6.6,7.5,6.4,7.7,20100428_SEP_minutes_addendum.txt
20100428,unemployment,longer_run,,5.0,5.3,5.0,6.3,20100428_SEP_minutes_addendum.txt
20100428,pce,2010,,1.2,1.5,1.1,2.0,20100428_SEP_minutes_addendum.txt
20100428,pce,2011,,1.1,1.9,0.9,2.4,20100428_SEP_minutes_addendum.txt
20100428,pce,2012,,1.2,2.0,0.7,2.2,20100428_SEP_minutes_addendum.txt
20100428,pce,longer_run,,1.7,2.0,1.5,2.0,20100428_SEP_minutes_addendum.txt
20100428,core_pce,2010,,0.9,1.2,0.7,1.6,20100428_SEP_minutes_addendum.txt
20100428,core_pce,2011,,1.0,1.5,0.6,2.4,20100428_SEP_minutes_addendum.txt
20100428,core_pce,2012,,1.2,1.6,0.6,2.2,20100428_SEP_minutes_addendum.txt
20100623,real_gdp,2010,,3.0,3.5,2.9,3.8,20100623_SEP_minutes_addendum.txt
20100623,real_gdp,2011,,3.5,4.2,2.9,4.5,20100623_SEP_minutes_addendum.txt
20100623,real_gdp,2012,,3.5,4.5,2.8,5.0,20100623_SEP_minutes_addendum.txt
20100623,real_gdp,longer_run,,2.5,2.8,2.4,3.0,20100623_SEP_minutes_addendum.txt
20100623,unemployment,2010,,9.2,9.5,9.0,9.9,20100623_SEP_minutes_addendum.txt
20100623,unemployment,2011,,8.3,8.7,7.6,8.9,20100623_SEP_minutes_addendum.txt
20100623,unemployment,2012,,7.1,7.5,6.8,7.9,20100623_SEP_minutes_addendum.txt
20100623,unemployment,longer_run,,5.0,5.3,5.0,6.3,20100623_SEP_minutes_addendum.txt
20100623,pce,2010,,1.0,1.1,0.9,1.8,20100623_SEP_minutes_addendum.txt
20100623,pce,2011,,1.1,1.6,0.8,2.4,20100623_SEP_minutes_addendum.txt
20100623,pce,2012,,1.0,1.7,0.5,2.2,20100623_SEP_minutes_addendum.txt
20100623,pce,longer_run,,1.7,2.0,1.5,2.0,20100623_SEP_minutes_addendum.txt
20100623,core_pce,2010,,0.8,1.0,0.7,1.5,20100623_SEP_minutes_addendum.txt
20100623,core_pce,2011,,0.9,1.3,0.6,2.4,20100623_SEP_minutes_addendum.txt
20100623,core_pce,2012,,1.0,1.5,0.4,2.2,20100623_SEP_minutes_addendum.txt
20101103,real_gdp,2010,,2.4,2.5,2.3,2.5,20101103_SEP_minutes_addendum.txt
20101103,real_gdp,2011,,3.0,3.6,2.5,4.0,20101103_SEP_minutes_addendum.txt
20101103,real_gdp,2012,,3.6,4.5,2.6,4.7,20101103_SEP_minutes_addendum.txt
20101103,real_gdp,2013,,3.5,4.6,3.0,5.0,20101103_SEP_minutes_addendum.txt
20101103,real_gdp,longer_run,,2.5,2.8,2.4,3.0,20101103_SEP_minutes_addendum.txt
20101103,unemployment,2010,,9.5,9.7,9.4,9.8,20101103_SEP_minutes_addendum.txt
20101103,unemployment,2011,,8.9,9.1,8.2,9.3,20101103_SEP_minutes_addendum.txt
20101103,unemployment,2012,,7.7,8.2,7.0,8.7,20101103_SEP_minutes_addendum.txt
20101103,unemployment,2013,,6.9,7.4,5.9,7.9,20101103_SEP_minutes_addendum.txt
20101103,unemployment,longer_run,,5.0,6.0,5.0,6.3,20101103_SEP_minutes_addendum.txt
20101103,pce,2010,,1.2,1.4,1.1,1.5,20101103_SEP_minutes_addendum.txt
20101103,pce,2011,,1.1,1.7,0.9,2.2,20101103_SEP_minutes_addendum.txt
20101103,pce,2012,,1.1,1.8,0.6,2.2,20101103_SEP_minutes_addendum.txt
20101103,pce,2013,,1.2,2.0,0.4,2.0,20101103_SEP_minutes_addendum.txt
20101103,pce,longer_run,,1.6,2.0,1.5,2.0,20101103_SEP_minutes_addendum.txt
20101103,core_pce,2010,,1.0,1.1,0.9,1.4,20101103_SEP_minutes_addendum.txt
20101103,core_pce,2011,,0.9,1.6,0.7,2.0,20101103_SEP_minutes_addendum.txt
20101103,core_pce,2012,,1.0,1.6,0.6,2.0,20101103_SEP_minutes_addendum.txt
20101103,core_pce,2013,,1.1,2.0,0.5,2.0,20101103_SEP_minutes_addendum.txt
20110126,real_gdp,2011,,3.4,3.9,3.2,4.2,20110126_SEP_minutes_addendum.txt
20110126,real_gdp,2012,,3.5,4.4,3.4,4.5,20110126_SEP_minutes_addendum.txt
20110126,real_gdp,2013,,3.7,4.6,3.0,5.0,20110126_SEP_minutes_addendum.txt
20110126,real_gdp,longer_run,,2.5,2.8,2.4,3.0,20110126_SEP_minutes_addendum.txt
20110126,unemployment,2011,,8.8,9.0,8.4,9.0,20110126_SEP_minutes_addendum.txt
20110126,unemployment,2012,,7.6,8.1,7.2,8.4,20110126_SEP_minutes_addendum.txt
20110126,unemployment,2013,,6.8,7.2,6.0,7.9,20110126_SEP_minutes_addendum.txt
20110126,unemployment,longer_run,,5.0,6.0,5.0,6.2,20110126_SEP_minutes_addendum.txt
20110126,pce,2011,,1.3,1.7,1.0,2.0,20110126_SEP_minutes_addendum.txt
20110126,pce,2012,,1.0,1.9,0.7,2.2,20110126_SEP_minutes_addendum.txt
20110126,pce,2013,,1.2,2.0,0.6,2.0,20110126_SEP_minutes_addendum.txt
20110126,pce,longer_run,,1.6,2.0,1.5,2.0,20110126_SEP_minutes_addendum.txt
20110126,core_pce,2011,,1.0,1.3,0.7,1.8,20110126_SEP_minutes_addendum.txt
20110126,core_pce,2012,,1.0,1.5,0.6,2.0,20110126_SEP_minutes_addendum.txt
20110126,core_pce,2013,,1.2,2.0,0.6,2.0,20110126_SEP_minutes_addendum.txt
20110427,real_gdp,2011,,3.1,3.3,2.9,3.7,20110427_SEP_minutes_addendum.txt
20110427,real_gdp,2012,,3.5,4.2,2.9,4.4,20110427_SEP_minutes_addendum.txt
20110427,real_gdp,2013,,3.5,4.3,3.0,5.0,20110427_SEP_minutes_addendum.txt
20110427,real_gdp,longer_run,,2.5,2.8,2.4,3.0,20110427_SEP_minutes_addendum.txt
20110427,unemployment,2011,,8.4,8.7,8.1,8.9,20110427_SEP_minutes_addendum.txt
20110427,unemployment,2012,,7.6,7.9,7.1,8.4,20110427_SEP_minutes_addendum.txt
20110427,unemployment,2013,,6.8,7.2,6.0,8.4,20110427_SEP_minutes_addendum.txt
20110427,unemployment,longer_run,,5.2,5.6,5.0,6.0,20110427_SEP_minutes_addendum.txt
20110427,pce,2011,,2.1,2.8,2.0,3.6,20110427_SEP_minutes_addendum.txt
20110427,pce,2012,,1.2,2.0,1.0,2.8,20110427_SEP_minutes_addendum.txt
20110427,pce,2013,,1.4,2.0,1.2,2.5,20110427_SEP_minutes_addendum.txt
20110427,pce,longer_run,,1.7,2.0,1.5,2.0,20110427_SEP_minutes_addendum.txt
20110427,core_pce,2011,,1.3,1.6,1.1,2.0,20110427_SEP_minutes_addendum.txt
20110427,core_pce,2012,,1.3,1.8,1.1,2.0,20110427_SEP_minutes_addendum.txt
20110427,core_pce,2013,,1.4,2.0,1.2,2.0,20110427_SEP_minutes_addendum.txt
20110622,real_gdp,2011,,2.7,2.9,2.5,3.0,20110622_SEP_minutes_addendum.txt
20110622,real_gdp,2012,,3.3,3.7,2.2,4.0,20110622_SEP_minutes_addendum.txt
20110622,real_gdp,2013,,3.5,4.2,3.0,4.5,20110622_SEP_minutes_addendum.txt
20110622,real_gdp,longer_run,,2.5,2.8,2.4,3.0,20110622_SEP_minutes_addendum.txt
20110622,unemployment,2011,,8.6,8.9,8.4,9.1,20110622_SEP_minutes_addendum.txt
20110622,unemployment,2012,,7.8,8.2,7.5,8.7,20110622_SEP_minutes_addendum.txt
20110622,unemployment,2013,,7.0,7.5,6.5,8.3,20110622_SEP_minutes_addendum.txt
20110622,unemployment,longer_run,,5.2,5.6,5.0,6.0,20110622_SEP_minutes_addendum.txt
20110622,pce,2011,,2.3,2.5,2.1,3.5,20110622_SEP_minutes_addendum.txt
20110622,pce,2012,,1.5,2.0,1.2,2.8,20110622_SEP_minutes_addendum.txt
20110622,pce,2013,,1.5,2.0,1.3,2.5,20110622_SEP_minutes_addendum.txt
20110622,pce,longer_run,,1.7,2.0,1.5,2.0,20110622_SEP_minutes_addendum.txt
20110622,core_pce,2011,,1.5,1.8,1.5,2.3,20110622_SEP_minutes_addendum.txt
20110622,core_pce,2012,,1.4,2.0,1.2,2.5,20110622_SEP_minutes_addendum.txt
20110622,core_pce,2013,,1.4,2.0,1.3,2.5,20110622_SEP_minutes_addendum.txt
20111102,real_gdp,2011,,1.6,1.7,1.6,1.8,20111102_SEP_minutes_addendum.txt
20111102,real_gdp,2012,,2.5,2.9,2.3,3.5,20111102_SEP_minutes_addendum.txt
20111102,real_gdp,2013,,3.0,3.5,2.7,4.0,20111102_SEP_minutes_addendum.txt
20111102,real_gdp,2014,,3.0,3.9,2.7,4.5,20111102_SEP_minutes_addendum.txt
20111102,real_gdp,longer_run,,2.4,2.7,2.2,3.0,20111102_SEP_minutes_addendum.txt
20111102,unemployment,2011,,9.0,9.1,8.9,9.1,20111102_SEP_minutes_addendum.txt
20111102,unemployment,2012,,8.5,8.7,8.1,8.9,20111102_SEP_minutes_addendum.txt
20111102,unemployment,2013,,7.8,8.2,7.5,8.4,20111102_SEP_minutes_addendum.txt
20111102,unemployment,2014,,6.8,7.7,6.5,8.0,20111102_SEP_minutes_addendum.txt
20111102,unemployment,longer_run,,5.2,6.0,5.0,6.0,20111102_SEP_minutes_addendum.txt
20111102,pce,2011,,2.7,2.9,2.5,3.3,20111102_SEP_minutes_addendum.txt
20111102,pce,2012,,1.4,2.0,1.4,2.8,20111102_SEP_minutes_addendum.txt
20111102,pce,2013,,1.5,2.0,1.4,2.5,20111102_SEP_minutes_addendum.txt
20111102,pce,2014,,1.5,2.0,1.5,2.4,20111102_SEP_minutes_addendum.txt
20111102,pce,longer_run,,1.7,2.0,1.5,2.0,20111102_SEP_minutes_addendum.txt
20111102,core_pce,2011,,1.8,1.9,1.7,2.0,20111102_SEP_minutes_addendum.txt
20111102,core_pce,2012,,1.5,2.0,1.3,2.1,20111102_SEP_minutes_addendum.txt
20111102,core_pce,2013,,1.4,1.9,1.4,2.1,20111102_SEP_minutes_addendum.txt
20111102,core_pce,2014,,1.5,2.0,1.4,2.2,20111102_SEP_minutes_addendum.txt
20120125,real_gdp,2012,,2.2,2.7,2.1,3.0,20120125_SEP_minutes_addendum.txt
20120125,real_gdp,2013,,2.8,3.2,2.4,3.8,20120125_SEP_minutes_addendum.txt
20120125,real_gdp,2014,,3.3,4.0,2.8,4.3,20120125_SEP_minutes_addendum.txt
20120125,real_gdp,longer_run,,2.3,2.6,2.2,3.0,20120125_SEP_minutes_addendum.txt
20120125,unemployment,2012,,8.2,8.5,7.8,8.6,20120125_SEP_minutes_addendum.txt
20120125,unemployment,2013,,7.4,8.1,7.0,8.2,20120125_SEP_minutes_addendum.txt
20120125,unemployment,2014,,6.7,7.6,6.3,7.7,20120125_SEP_minutes_addendum.txt
20120125,unemployment,longer_run,,5.2,6.0,5.0,6.0,20120125_SEP_minutes_addendum.txt
20120125,pce,2012,,1.4,1.8,1.3,2.5,20120125_SEP_minutes_addendum.txt
20120125,pce,2013,,1.4,2.0,1.4,2.3,20120125_SEP_minutes_addendum.txt
20120125,pce,2014,,1.6,2.0,1.5,2.1,20120125_SEP_minutes_addendum.txt
20120125,pce,longer_run,,2.0,2.0,2.0,2.0,20120125_SEP_minutes_addendum.txt
20120125,core_pce,2012,,1.5,1.8,1.3,2.0,20120125_SEP_minutes_addendum.txt
20120125,core_pce,2013,,1.5,2.0,1.4,2.0,20120125_SEP_minutes_addendum.txt
20120125,core_pce,2014,,1.6,2.0,1.4,2.0,20120125_SEP_minutes_addendum.txt
20120425,real_gdp,2012,,2.4,2.9,2.1,3.0,20120425_SEP_minutes_addendum.txt
20120425,real_gdp,2013,,2.7,3.1,2.4,3.8,20120425_SEP_minutes_addendum.txt
20120425,real_gdp,2014,,3.1,3.6,2.9,4.3,20120425_SEP_minutes_addendum.txt
20120425,real_gdp,longer_run,,2.3,2.6,2.2,3.0,20120425_SEP_minutes_addendum.txt
20120425,unemployment,2012,,7.8,8.0,7.8,8.6,20120425_SEP_minutes_addendum.txt
20120425,unemployment,2013,,7.3,7.7,7.0,8.1,20120425_SEP_minutes_addendum.txt
20120425,unemployment,2014,,6.7,7.4,6.3,7.7,20120425_SEP_minutes_addendum.txt
20120425,unemployment,longer_run,,5.2,6.0,4.9,6.0,20120425_SEP_minutes_addendum.txt
20120425,pce,2012,,1.9,2.0,1.8,2.3,20120425_SEP_minutes_addendum.txt
20120425,pce,2013,,1.6,2.0,1.5,2.1,20120425_SEP_minutes_addendum.txt
20120425,pce,2014,,1.7,2.0,1.5,2.2,20120425_SEP_minutes_addendum.txt
20120425,pce,longer_run,,2.0,2.0,2.0,2.0,20120425_SEP_minutes_addendum.txt
20120425,core_pce,2012,,1.8,2.0,1.7,2.0,20120425_SEP_minutes_addendum.txt
20120425,core_pce,2013,,1.7,2.0,1.6,2.1,20120425_SEP_minutes_addendum.txt
20120425,core_pce,2014,,1.8,2.0,1.7,2.2,20120425_SEP_minutes_addendum.txt
20120620,real_gdp,2012,,1.9,2.4,1.6,2.5,20120620_SEP_minutes_addendum.txt
20120620,real_gdp,2013,,2.2,2.8,2.2,3.5,20120620_SEP_minutes_addendum.txt
20120620,real_gdp,2014,,3.0,3.5,2.8,4.0,20120620_SEP_minutes_addendum.txt
20120620,real_gdp,longer_run,,2.3,2.5,2.2,3.0,20120620_SEP_minutes_addendum.txt
20120620,unemployment,2012,,8.0,8.2,7.8,8.4,20120620_SEP_minutes_addendum.txt
20120620,unemployment,2013,,7.5,8.0,7.0,8.1,20120620_SEP_minutes_addendum.txt
20120620,unemployment,2014,,7.0,7.7,6.3,7.7,20120620_SEP_minutes_addendum.txt
20120620,unemployment,longer_run,,5.2,6.0,4.9,6.3,20120620_SEP_minutes_addendum.txt
20120620,pce,2012,,1.2,1.7,1.2,2.0,20120620_SEP_minutes_addendum.txt
20120620,pce,2013,,1.5,2.0,1.5,2.1,20120620_SEP_minutes_addendum.txt
20120620,pce,2014,,1.5,2.0,1.5,2.2,20120620_SEP_minutes_addendum.txt
20120620,pce,longer_run,,2.0,2.0,2.0,2.0,20120620_SEP_minutes_addendum.txt
20120620,core_pce,2012,,1.7,2.0,1.7,2.0,20120620_SEP_minutes_addendum.txt
20120620,core_pce,2013,,1.6,2.0,1.4,2.1,20120620_SEP_minutes_addendum.txt
20120620,core_pce,2014,,1.6,2.0,1.5,2.2,20120620_SEP_minutes_addendum.txt
20120913,real_gdp,2012,,1.7,2.0,1.6,2.0,20120913_SEP_minutes_addendum.txt
20120913,real_gdp,2013,,2.5,3.0,2.3,3.5,20120913_SEP_minutes_addendum.txt
20120913,real_gdp,2014,,3.0,3.8,2.7,4.1,20120913_SEP_minutes_addendum.txt
20120913,real_gdp,2015,,3.0,3.8,2.5,4.2,20120913_SEP_minutes_addendum.txt
20120913,real_gdp,longer_run,,2.3,2.5,2.2,3.0,20120913_SEP_minutes_addendum.txt
20120913,unemployment,2012,,8.0,8.2,8.0,8.3,20120913_SEP_minutes_addendum.txt
20120913,unemployment,2013,,7.6,7.9,7.0,8.0,20120913_SEP_minutes_addendum.txt
20120913,unemployment,2014,,6.7,7.3,6.3,7.5,20120913_SEP_minutes_addendum.txt
20120913,unemployment,2015,,6.0,6.8,5.7,6.9,20120913_SEP_minutes_addendum.txt
20120913,unemployment,longer_run,,5.2,6.0,5.0,6.3,20120913_SEP_minutes_addendum.txt
20120913,pce,2012,,1.7,1.8,1.5,1.9,20120913_SEP_minutes_addendum.txt
20120913,pce,2013,,1.6,2.0,1.5,2.1,20120913_SEP_minutes_addendum.txt
20120913,pce,2014,,1.6,2.0,1.6,2.2,20120913_SEP_minutes_addendum.txt
20120913,pce,2015,,1.8,2.0,1.8,2.3,20120913_SEP_minutes_addendum.txt
20120913,pce,longer_run,,2.0,2.0,2.0,2.0,20120913_SEP_minutes_addendum.txt
20120913,core_pce,2012,,1.7,1.9,1.6,2.0,20120913_SEP_minutes_addendum.txt
20120913,core_pce,2013,,1.7,2.0,1.6,2.0,20120913_SEP_minutes_addendum.txt
20120913,core_pce,2014,,1.8,2.0,1.6,2.2,20120913_SEP_minutes_addendum.txt
20120913,core_pce,2015,,1.9,2.0,1.8,2.3,20120913_SEP_minutes_addendum.txt
20121212,real_gdp,2012,,1.7,1.8,1.6,2.0,20121212_SEP_minutes_addendum.txt
20121212,real_gdp,2013,,2.3,3.0,2.0,3.2,20121212_SEP_minutes_addendum.txt
20121212,real_gdp,2014,,3.0,3.5,2.8,4.0,20121212_SEP_minutes_addendum.txt
20121212,real_gdp,2015,,3.0,3.7,2.5,4.2,20121212_SEP_minutes_addendum.txt
20121212,real_gdp,longer_run,,2.3,2.5,2.2,3.0,20121212_SEP_minutes_addendum.txt
20121212,unemployment,2012,,7.8,7.9,7.7,8.0,20121212_SEP_minutes_addendum.txt
20121212,unemployment,2013,,7.4,7.7,6.9,7.8,20121212_SEP_minutes_addendum.txt
20121212,unemployment,2014,,6.8,7.3,6.1,7.4,20121212_SEP_minutes_addendum.txt
20121212,unemployment,2015,,6.0,6.6,5.7,6.8,20121212_SEP_minutes_addendum.txt
20121212,unemployment,longer_run,,5.2,6.0,5.0,6.0,20121212_SEP_minutes_addendum.txt
20121212,pce,2012,,1.6,1.7,1.6,1.8,20121212_SEP_minutes_addendum.txt
20121212,pce,2013,,1.3,2.0,1.3,2.0,20121212_SEP_minutes_addendum.txt
20121212,pce,2014,,1.5,2.0,1.4,2.2,20121212_SEP_minutes_addendum.txt
20121212,pce,2015,,1.7,2.0,1.5,2.2,20121212_SEP_minutes_addendum.txt
20121212,pce,longer_run,,2.0,2.0,2.0,2.0,20121212_SEP_minutes_addendum.txt
20121212,core_pce,2012,,1.6,1.7,1.6,1.8,20121212_SEP_minutes_addendum.txt
20121212,core_pce,2013,,1.6,1.9,1.5,2.0,20121212_SEP_minutes_addendum.txt
20121212,core_pce,2014,,1.6,2.0,1.5,2.0,20121212_SEP_minutes_addendum.txt
20121212,core_pce,2015,,1.8,2.0,1.7,2.2,20121212_SEP_minutes_addendum.txt
20130320,real_gdp,2013,,2.3,2.8,2.0,3.0,20130320_SEP_projections.txt
20130320,real_gdp,2014,,2.9,3.4,2.6,3.8,20130320_SEP_projections.txt
20130320,real_gdp,2015,,2.9,3.7,2.5,3.8,20130320_SEP_projections.txt
20130320,real_gdp,longer_run,,2.3,2.5,2.0,3.0,20130320_SEP_projections.txt
20130320,unemployment,2013,,7.3,7.5,6.9,7.6,20130320_SEP_projections.txt
20130320,unemployment,2014,,6.7,7.0,6.1,7.1,20130320_SEP_projections.txt
20130320,unemployment,2015,,6.0,6.5,5.7,6.5,20130320_SEP_projections.txt
20130320,unemployment,longer_run,,5.2,6.0,5.0,6.0,20130320_SEP_projections.txt
20130320,pce,2013,,1.3,1.7,1.3,2.0,20130320_SEP_projections.txt
20130320,pce,2014,,1.5,2.0,1.4,2.1,20130320_SEP_projections.txt
20130320,pce,2015,,1.7,2.0,1.6,2.6,20130320_SEP_projections.txt
20130320,pce,longer_run,,2.0,2.0,2.0,2.0,20130320_SEP_projections.txt
20130320,core_pce,2013,,1.5,1.6,1.5,2.0,20130320_SEP_projections.txt
20130320,core_pce,2014,,1.7,2.0,1.5,2.1,20130320_SEP_projections.txt
20130320,core_pce,2015,,1.8,2.1,1.7,2.6,20130320_SEP_projections.txt
20130619,real_gdp,2013,,2.3,2.6,2.0,2.6,20130619_SEP_projections.txt
20130619,real_gdp,2014,,3.0,3.5,2.2,3.6,20130619_SEP_projections.txt
20130619,real_gdp,2015,,2.9,3.6,2.3,3.8,20130619_SEP_projections.txt
20130619,real_gdp,longer_run,,2.3,2.5,2.0,3.0,20130619_SEP_projections.txt
20130619,unemployment,2013,,7.2,7.3,6.9,7.5,20130619_SEP_projections.txt
20130619,unemployment,2014,,6.5,6.8,6.2,6.9,20130619_SEP_projections.txt
20130619,unemployment,2015,,5.8,6.2,5.7,6.4,20130619_SEP_projections.txt
20130619,unemployment,longer_run,,5.2,6.0,5.0,6.0,20130619_SEP_projections.txt
20130619,pce,2013,,0.8,1.2,0.8,1.5,20130619_SEP_projections.txt
20130619,pce,2014,,1.4,2.0,1.4,2.0,20130619_SEP_projections.txt
20130619,pce,2015,,1.6,2.0,1.6,2.3,20130619_SEP_projections.txt
20130619,pce,longer_run,,2.0,2.0,2.0,2.0,20130619_SEP_projections.txt
20130619,core_pce,2013,,1.2,1.3,1.1,1.5,20130619_SEP_projections.txt
20130619,core_pce,2014,,1.5,1.8,1.5,2.0,20130619_SEP_projections.txt
20130619,core_pce,2015,,1.7,2.0,1.7,2.3,20130619_SEP_projections.txt
20130918,real_gdp,2013,,2.0,2.3,1.8,2.4,20130918_SEP_projections.txt
20130918,real_gdp,2014,,2.9,3.1,2.2,3.3,20130918_SEP_projections.txt
20130918,real_gdp,2015,,3.0,3.5,2.2,3.7,20130918_SEP_projections.txt
20130918,real_gdp,2016,,2.5,3.3,2.2,3.5,20130918_SEP_projections.txt
20130918,real_gdp,longer_run,,2.2,2.5,2.1,2.5,20130918_SEP_projections.txt
20130918,unemployment,2013,,7.1,7.3,6.9,7.3,20130918_SEP_projections.txt
20130918,unemployment,2014,,6.4,6.8,6.2,6.9,20130918_SEP_projections.txt
20130918,unemployment,2015,,5.9,6.2,5.3,6.3,20130918_SEP_projections.txt
20130918,unemployment,2016,,5.4,5.9,5.2,6.0,20130918_SEP_projections.txt
20130918,unemployment,longer_run,,5.2,5.8,5.2,6.0,20130918_SEP_projections.txt
20130918,pce,2013,,1.1,1.2,1.0,1.3,20130918_SEP_projections.txt
20130918,pce,2014,,1.3,1.8,1.2,2.0,20130918_SEP_projections.txt
20130918,pce,2015,,1.6,2.0,1.4,2.3,20130918_SEP_projections.txt
20130918,pce,2016,,1.7,2.0,1.5,2.3,20130918_SEP_projections.txt
20130918,pce,longer_run,,2.0,2.0,2.0,2.0,20130918_SEP_projections.txt
20130918,core_pce,2013,,1.2,1.3,1.2,1.4,20130918_SEP_projections.txt
20130918,core_pce,2014,,1.5,1.7,1.4,2.0,20130918_SEP_projections.txt
20130918,core_pce,2015,,1.7,2.0,1.6,2.3,20130918_SEP_projections.txt
20130918,core_pce,2016,,1.9,2.0,1.7,2.3,20130918_SEP_projections.txt
20131218,real_gdp,2013,,2.2,2.3,2.2,2.4,20131218_SEP_projections.txt
20131218,real_gdp,2014,,2.8,3.2,2.2,3.3,20131218_SEP_projections.txt
20131218,real_gdp,2015,,3.0,3.4,2.2,3.6,20131218_SEP_projections.txt
20131218,real_gdp,2016,,2.5,3.2,2.1,3.5,20131218_SEP_projections.txt
20131218,real_gdp,longer_run,,2.2,2.4,1.8,2.5,20131218_SEP_projections.txt
20131218,unemployment,2013,,7.0,7.1,7.0,7.1,20131218_SEP_projections.txt
20131218,unemployment,2014,,6.3,6.6,6.2,6.7,20131218_SEP_projections.txt
20131218,unemployment,2015,,5.8,6.1,5.5,6.2,20131218_SEP_projections.txt
20131218,unemployment,2016,,5.3,5.8,5.0,6.0,20131218_SEP_projections.txt
20131218,unemployment,longer_run,,5.2,5.8,5.2,6.0,20131218_SEP_projections.txt
20131218,pce,2013,,0.9,1.0,0.9,1.2,20131218_SEP_projections.txt
20131218,pce,2014,,1.4,1.6,1.3,1.8,20131218_SEP_projections.txt
20131218,pce,2015,,1.5,2.0,1.4,2.3,20131218_SEP_projections.txt
20131218,pce,2016,,1.7,2.0,1.6,2.2,20131218_SEP_projections.txt
20131218,pce,longer_run,,2.0,2.0,2.0,2.0,20131218_SEP_projections.txt
20131218,core_pce,2013,,1.1,1.2,1.1,1.2,20131218_SEP_projections.txt
20131218,core_pce,2014,,1.4,1.6,1.3,1.8,20131218_SEP_projections.txt
20131218,core_pce,2015,,1.6,2.0,1.5,2.3,20131218_SEP_projections.txt
20131218,core_pce,2016,,1.8,2.0,1.6,2.2,20131218_SEP_projections.txt
20140319,real_gdp,2014,,2.8,3.0,2.1,3.0,20140319_SEP_projections.txt
20140319,real_gdp,2015,,3.0,3.2,2.2,3.5,20140319_SEP_projections.txt
20140319,real_gdp,2016,,2.5,3.0,2.2,3.4,20140319_SEP_projections.txt
20140319,real_gdp,longer_run,,2.2,2.3,1.8,2.4,20140319_SEP_projections.txt
20140319,unemployment,2014,,6.1,6.3,6.0,6.5,20140319_SEP_projections.txt
20140319,unemployment,2015,,5.6,5.9,5.4,5.9,20140319_SEP_projections.txt
20140319,unemployment,2016,,5.2,5.6,5.1,5.8,20140319_SEP_projections.txt
20140319,unemployment,longer_run,,5.2,5.6,5.2,6.0,20140319_SEP_projections.txt
20140319,pce,2014,,1.5,1.6,1.3,1.8,20140319_SEP_projections.txt
20140319,pce,2015,,1.5,2.0,1.5,2.4,20140319_SEP_projections.txt
20140319,pce,2016,,1.7,2.0,1.6,2.0,20140319_SEP_projections.txt
20140319,pce,longer_run,,2.0,2.0,2.0,2.0,20140319_SEP_projections.txt
20140319,core_pce,2014,,1.4,1.6,1.3,1.8,20140319_SEP_projections.txt
20140319,core_pce,2015,,1.7,2.0,1.5,2.4,20140319_SEP_projections.txt
20140319,core_pce,2016,,1.8,2.0,1.6,2.0,20140319_SEP_projections.txt
20140618,real_gdp,2014,,2.1,2.3,1.9,2.4,20140618_SEP_projections.txt
20140618,real_gdp,2015,,3.0,3.2,2.2,3.6,20140618_SEP_projections.txt
20140618,real_gdp,2016,,2.5,3.0,2.2,3.2,20140618_SEP_projections.txt
20140618,real_gdp,longer_run,,2.1,2.3,1.8,2.5,20140618_SEP_projections.txt
20140618,unemployment,2014,,6.0,6.1,5.8,6.2,20140618_SEP_projections.txt
20140618,unemployment,2015,,5.4,5.7,5.2,5.9,20140618_SEP_projections.txt
20140618,unemployment,2016,,5.1,5.5,5.0,5.6,20140618_SEP_projections.txt
20140618,unemployment,longer_run,,5.2,5.5,5.0,6.0,20140618_SEP_projections.txt
20140618,pce,2014,,1.5,1.7,1.4,2.0,20140618_SEP_projections.txt
20140618,pce,2015,,1.5,2.0,1.4,2.4,20140618_SEP_projections.txt
20140618,pce,2016,,1.6,2.0,1.5,2.0,20140618_SEP_projections.txt
20140618,pce,longer_run,,2.0,2.0,2.0,2.0,20140618_SEP_projections.txt
20140618,core_pce,2014,,1.5,1.6,1.4,1.8,20140618_SEP_projections.txt
20140618,core_pce,2015,,1.6,2.0,1.5,2.4,20140618_SEP_projections.txt
20140618,core_pce,2016,,1.7,2.0,1.6,2.0,20140618_SEP_projections.txt
20140917,real_gdp,2014,,2.0,2.2,1.8,2.3,20140917_SEP_projections.txt
20140917,real_gdp,2015,,2.6,3.0,2.1,3.2,20140917_SEP_projections.txt
20140917,real_gdp,2016,,2.6,2.9,2.1,3.0,20140917_SEP_projections.txt
20140917,real_gdp,2017,,2.3,2.5,2.0,2.6,20140917_SEP_projections.txt
20140917,real_gdp,longer_run,,2.0,2.3,1.8,2.6,20140917_SEP_projections.txt
20140917,unemployment,2014,,5.9,6.0,5.7,6.1,20140917_SEP_projections.txt
20140917,unemployment,2015,,5.4,5.6,5.2,5.7,20140917_SEP_projections.txt
20140917,unemployment,2016,,5.1,5.4,4.9,5.6,20140917_SEP_projections.txt
20140917,unemployment,2017,,4.9,5.3,4.7,5.8,20140917_SEP_projections.txt
20140917,unemployment,longer_run,,5.2,5.5,5.0,6.0,20140917_SEP_projections.txt
20140917,pce,2014,,1.5,1.7,1.5,1.8,20140917_SEP_projections.txt
20140917,pce,2015,,1.6,1.9,1.5,2.4,20140917_SEP_projections.txt
20140917,pce,2016,,1.7,2.0,1.6,2.1,20140917_SEP_projections.txt
20140917,pce,2017,,1.9,2.0,1.7,2.2,20140917_SEP_projections.txt
20140917,pce,longer_run,,2.0,2.0,2.0,2.0,20140917_SEP_projections.txt
20140917,core_pce,2014,,1.5,1.6,1.5,1.8,20140917_SEP_projections.txt
20140917,core_pce,2015,,1.6,1.9,1.6,2.4,20140917_SEP_projections.txt
20140917,core_pce,2016,,1.8,2.0,1.7,2.2,20140917_SEP_projections.txt
20140917,core_pce,2017,,1.9,2.0,1.8,2.2,20140917_SEP_projections.txt
20141217,real_gdp,2014,,2.3,2.4,2.3,2.5,20141217_SEP_projections.txt
20141217,real_gdp,2015,,2.6,3.0,2.1,3.2,20141217_SEP_projections.txt
20141217,real_gdp,2016,,2.5,3.0,2.1,3.0,20141217_SEP_projections.txt
20141217,real_gdp,2017,,2.3,2.5,2.0,2.7,20141217_SEP_projections.txt
20141217,real_gdp,longer_run,,2.0,2.3,1.8,2.7,20141217_SEP_projections.txt
20141217,unemployment,2014,,5.8,5.8,5.7,5.8,20141217_SEP_projections.txt
20141217,unemployment,2015,,5.2,5.3,5.0,5.5,20141217_SEP_projections.txt
20141217,unemployment,2016,,5.0,5.2,4.9,5.4,20141217_SEP_projections.txt
20141217,unemployment,2017,,4.9,5.3,4.7,5.7,20141217_SEP_projections.txt
20141217,unemployment,longer_run,,5.2,5.5,5.0,5.8,20141217_SEP_projections.txt
20141217,pce,2014,,1.2,1.3,1.2,1.6,20141217_SEP_projections.txt
20141217,pce,2015,,1.0,1.6,1.0,2.2,20141217_SEP_projections.txt
20141217,pce,2016,,1.7,2.0,1.6,2.1,20141217_SEP_projections.txt
20141217,pce,2017,,1.8,2.0,1.8,2.2,20141217_SEP_projections.txt
20141217,pce,longer_run,,2.0,2.0,2.0,2.0,20141217_SEP_projections.txt
20141217,core_pce,2014,,1.5,1.6,1.5,1.6,20141217_SEP_projections.txt
20141217,core_pce,2015,,1.5,1.8,1.5,2.2,20141217_SEP_projections.txt
20141217,core_pce,2016,,1.7,2.0,1.6,2.1,20141217_SEP_projections.txt
20141217,core_pce,2017,,1.8,2.0,1.8,2.2,20141217_SEP_projections.txt
20150318,real_gdp,2015,,2.3,2.7,2.1,3.1,20150318_SEP_projections.txt
20150318,real_gdp,2016,,2.3,2.7,2.2,3.0,20150318_SEP_projections.txt
20150318,real_gdp,2017,,2.0,2.4,1.8,2.5,20150318_SEP_projections.txt
20150318,real_gdp,longer_run,,2.0,2.3,1.8,2.5,20150318_SEP_projections.txt
20150318,unemployment,2015,,5.0,5.2,4.8,5.3,20150318_SEP_projections.txt
20150318,unemployment,2016,,4.9,5.1,4.5,5.2,20150318_SEP_projections.txt
20150318,unemployment,2017,,4.8,5.1,4.8,5.5,20150318_SEP_projections.txt
20150318,unemployment,longer_run,,5.0,5.2,4.9,5.8,20150318_SEP_projections.txt
20150318,pce,2015,,0.6,0.8,0.6,1.5,20150318_SEP_projections.txt
20150318,pce,2016,,1.7,1.9,1.6,2.4,20150318_SEP_projections.txt
20150318,pce,2017,,1.9,2.0,1.7,2.2,20150318_SEP_projections.txt
20150318,pce,longer_run,,2.0,2.0,2.0,2.0,20150318_SEP_projections.txt
20150318,core_pce,2015,,1.3,1.4,1.2,1.6,20150318_SEP_projections.txt
20150318,core_pce,2016,,1.5,1.9,1.5,2.4,20150318_SEP_projections.txt
20150318,core_pce,2017,,1.8,2.0,1.7,2.2,20150318_SEP_projections.txt
20150617,real_gdp,2015,,1.8,2.0,1.7,2.3,20150617_SEP_projections.txt
20150617,real_gdp,2016,,2.4,2.7,2.3,3.0,20150617_SEP_projections.txt
20150617,real_gdp,2017,,2.1,2.5,2.0,2.5,20150617_SEP_projections.txt
20150617,real_gdp,longer_run,,2.0,2.3,1.8,2.5,20150617_SEP_projections.txt
20150617,unemployment,2015,,5.2,5.3,5.0,5.3,20150617_SEP_projections.txt
20150617,unemployment,2016,,4.9,5.1,4.6,5.2,20150617_SEP_projections.txt
20150617,unemployment,2017,,4.9,5.1,4.8,5.5,20150617_SEP_projections.txt
20150617,unemployment,longer_run,,5.0,5.2,5.0,5.8,20150617_SEP_projections.txt
20150617,pce,2015,,0.6,0.8,0.6,1.0,20150617_SEP_projections.txt
20150617,pce,2016,,1.6,1.9,1.5,2.4,20150617_SEP_projections.txt
20150617,pce,2017,,1.9,2.0,1.7,2.2,20150617_SEP_projections.txt
20150617,pce,longer_run,,2.0,2.0,2.0,2.0,20150617_SEP_projections.txt
20150617,core_pce,2015,,1.3,1.4,1.2,1.6,20150617_SEP_projections.txt
20150617,core_pce,2016,,1.6,1.9,1.5,2.4,20150617_SEP_projections.txt
20150617,core_pce,2017,,1.9,2.0,1.7,2.2,20150617_SEP_projections.txt
20150917,real_gdp,2015,2.1,2.0,2.3,1.9,2.5,20150917_SEP_projections.txt
20150917,real_gdp,2016,2.3,2.2,2.6,2.1,2.8,20150917_SEP_projections.txt
20150917,real_gdp,2017,2.2,2.0,2.4,1.9,2.6,20150917_SEP_projections.txt
20150917,real_gdp,2018,2.0,1.8,2.2,1.6,2.4,20150917_SEP_projections.txt
20150917,real_gdp,longer_run,2.0,1.8,2.2,1.8,2.7,20150917_SEP_projections.txt
20150917,unemployment,2015,5.0,5.0,5.1,4.9,5.2,20150917_SEP_projections.txt
20150917,unemployment,2016,4.8,4.7,4.9,4.5,5.0,20150917_SEP_projections.txt
20150917,unemployment,2017,4.8,4.7,4.9,4.5,5.0,20150917_SEP_projections.txt
20150917,unemployment,2018,4.8,4.7,5.0,4.6,5.3,20150917_SEP_projections.txt
20150917,unemployment,longer_run,4.9,4.9,5.2,4.7,5.8,20150917_SEP_projections.txt
20150917,pce,2015,0.4,0.3,0.5,0.3,1.0,20150917_SEP_projections.txt
20150917,pce,2016,1.7,1.5,1.8,1.5,2.4,20150917_SEP_projections.txt
20150917,pce,2017,1.9,1.8,2.0,1.7,2.2,20150917_SEP_projections.txt
20150917,pce,2018,2.0,2.0,2.0,1.8,2.1,20150917_SEP_projections.txt
20150917,pce,longer_run,2.0,2.0,2.0,2.0,2.0,20150917_SEP_projections.txt
20150917,core_pce,2015,1.4,1.3,1.4,1.2,1.7,20150917_SEP_projections.txt
20150917,core_pce,2016,1.7,1.5,1.8,1.5,2.4,20150917_SEP_projections.txt
20150917,core_pce,2017,1.9,1.8,2.0,1.7,2.2,20150917_SEP_projections.txt
20150917,core_pce,2018,2.0,1.9,2.0,1.8,2.1,20150917_SEP_projections.txt
20150917,fed_funds,2015,0.4,0.1,0.6,-0.1,0.9,20150917_SEP_projections.txt
20150917,fed_funds,2016,1.4,1.1,2.1,-0.1,2.9,20150917_SEP_projections.txt
20150917,fed_funds,2017,2.6,2.1,3.4,1.0,3.9,20150917_SEP_projections.txt
20150917,fed_funds,2018,3.4,3.0,3.6,2.9,3.9,20150917_SEP_projections.txt
20150917,fed_funds,longer_run,3.5,3.3,3.8,3.0,4.0,20150917_SEP_projections.txt
20151216,real_gdp,2015,2.1,2.1,2.1,2.0,2.2,20151216_SEP_projections.txt
20151216,real_gdp,2016,2.4,2.3,2.5,2.0,2.7,20151216_SEP_projections.txt
20151216,real_gdp,2017,2.2,2.0,2.3,1.8,2.5,20151216_SEP_projections.txt
20151216,real_gdp,2018,2.0,1.8,2.2,1.7,2.4,20151216_SEP_projections.txt
20151216,real_gdp,longer_run,2.0,1.8,2.2,1.8,2.3,20151216_SEP_projections.txt
20151216,unemployment,2015,5.0,5.0,5.0,5.0,5.0,20151216_SEP_projections.txt
20151216,unemployment,2016,4.7,4.6,4.8,4.3,4.9,20151216_SEP_projections.txt
20151216,unemployment,2017,4.7,4.6,4.8,4.5,5.0,20151216_SEP_projections.txt
20151216,unemployment,2018,4.7,4.6,5.0,4.5,5.3,20151216_SEP_projections.txt
20151216,unemployment,longer_run,4.9,4.8,5.0,4.7,5.8,20151216_SEP_projections.txt
20151216,pce,2015,0.4,0.4,0.4,0.3,0.5,20151216_SEP_projections.txt
20151216,pce,2016,1.6,1.2,1.7,1.2,2.1,20151216_SEP_projections.txt
20151216,pce,2017,1.9,1.8,2.0,1.7,2.0,20151216_SEP_projections.txt
20151216,pce,2018,2.0,1.9,2.0,1.7,2.1,20151216_SEP_projections.txt
20151216,pce,longer_run,2.0,2.0,2.0,2.0,2.0,20151216_SEP_projections.txt
20151216,core_pce,2015,1.3,1.3,1.3,1.2,1.4,20151216_SEP_projections.txt
20151216,core_pce,2016,1.6,1.5,1.7,1.4,2.1,20151216_SEP_projections.txt
20151216,core_pce,2017,1.9,1.7,2.0,1.6,2.0,20151216_SEP_projections.txt
20151216,core_pce,2018,2.0,1.9,2.0,1.7,2.1,20151216_SEP_projections.txt
20151216,fed_funds,2015,0.4,0.4,0.4,0.1,0.4,20151216_SEP_projections.txt
20151216,fed_funds,2016,1.4,0.9,1.4,0.9,2.1,20151216_SEP_projections.txt
20151216,fed_funds,2017,2.4,1.9,3.0,1.9,3.4,20151216_SEP_projections.txt
20151216,fed_funds,2018,3.3,2.9,3.5,2.1,3.9,20151216_SEP_projections.txt
20151216,fed_funds,longer_run,3.5,3.3,3.5,3.0,4.0,20151216_SEP_projections.txt
20160316,real_gdp,2016,2.2,2.1,2.3,1.9,2.5,20160316_SEP_projections.txt
20160316,real_gdp,2017,2.1,2.0,2.3,1.7,2.3,20160316_SEP_projections.txt
20160316,real_gdp,2018,2.0,1.8,2.1,1.8,2.3,20160316_SEP_projections.txt
20160316,real_gdp,longer_run,2.0,1.8,2.1,1.8,2.4,20160316_SEP_projections.txt
20160316,unemployment,2016,4.7,4.6,4.8,4.5,4.9,20160316_SEP_projections.txt
20160316,unemployment,2017,4.6,4.5,4.7,4.3,4.9,20160316_SEP_projections.txt
20160316,unemployment,2018,4.5,4.5,5.0,4.3,5.0,20160316_SEP_projections.txt
20160316,unemployment,longer_run,4.8,4.7,5.0,4.7,5.8,20160316_SEP_projections.txt
20160316,pce,2016,1.2,1.0,1.6,1.0,1.6,20160316_SEP_projections.txt
20160316,pce,2017,1.9,1.7,2.0,1.6,2.0,20160316_SEP_projections.txt
20160316,pce,2018,2.0,1.9,2.0,1.8,2.0,20160316_SEP_projections.txt
20160316,pce,longer_run,2.0,2.0,2.0,2.0,2.0,20160316_SEP_projections.txt
20160316,core_pce,2016,1.6,1.4,1.7,1.4,2.1,20160316_SEP_projections.txt
20160316,core_pce,2017,1.8,1.7,2.0,1.6,2.0,20160316_SEP_projections.txt
20160316,core_pce,2018,2.0,1.9,2.0,1.8,2.0,20160316_SEP_projections.txt
20160316,fed_funds,2016,0.9,0.9,1.4,0.6,1.4,20160316_SEP_projections.txt
20160316,fed_funds,2017,1.9,1.6,2.4,1.6,2.8,20160316_SEP_projections.txt
20160316,fed_funds,2018,3.0,2.5,3.3,2.1,3.9,20160316_SEP_projections.txt
20160316,fed_funds,longer_run,3.3,3.0,3.5,3.0,4.0,20160316_SEP_projections.txt
20160615,real_gdp,2016,2.0,1.9,2.0,1.8,2.2,20160615_SEP_projections.txt
20160615,real_gdp,2017,2.0,1.9,2.2,1.6,2.4,20160615_SEP_projections.txt
20160615,real_gdp,2018,2.0,1.8,2.1,1.5,2.2,20160615_SEP_projections.txt
20160615,real_gdp,longer_run,2.0,1.8,2.0,1.6,2.4,20160615_SEP_projections.txt
20160615,unemployment,2016,4.7,4.6,4.8,4.5,4.9,20160615_SEP_projections.txt
20160615,unemployment,2017,4.6,4.5,4.7,4.3,4.8,20160615_SEP_projections.txt
20160615,unemployment,2018,4.6,4.4,4.8,4.3,5.0,20160615_SEP_projections.txt
20160615,unemployment,longer_run,4.8,4.7,5.0,4.6,5.0,20160615_SEP_projections.txt
20160615,pce,2016,1.4,1.3,1.7,1.3,2.0,20160615_SEP_projections.txt
20160615,pce,2017,1.9,1.7,2.0,1.6,2.0,20160615_SEP_projections.txt
20160615,pce,2018,2.0,1.9,2.0,1.8,2.1,20160615_SEP_projections.txt
20160615,pce,longer_run,2.0,2.0,2.0,2.0,2.0,20160615_SEP_projections.txt
20160615,core_pce,2016,1.7,1.6,1.8,1.3,2.0,20160615_SEP_projections.txt
20160615,core_pce,2017,1.9,1.7,2.0,1.6,2.0,20160615_SEP_projections.txt
20160615,core_pce,2018,2.0,1.9,2.0,1.8,2.1,20160615_SEP_projections.txt
20160615,fed_funds,2016,0.9,0.6,0.9,0.6,1.4,20160615_SEP_projections.txt
20160615,fed_funds,2017,1.6,1.4,1.9,0.6,2.4,20160615_SEP_projections.txt
20160615,fed_funds,2018,2.4,2.1,2.9,0.6,3.4,20160615_SEP_projections.txt
20160615,fed_funds,longer_run,3.0,3.0,3.3,2.8,3.8,20160615_SEP_projections.txt
20160921,real_gdp,2016,1.8,1.7,1.9,1.7,2.0,20160921_SEP_projections.txt
20160921,real_gdp,2017,2.0,1.9,2.2,1.6,2.5,20160921_SEP_projections.txt
20160921,real_gdp,2018,2.0,1.8,2.1,1.5,2.3,20160921_SEP_projections.txt
20160921,real_gdp,2019,1.8,1.7,2.0,1.6,2.2,20160921_SEP_projections.txt
20160921,real_gdp,longer_run,1.8,1.7,2.0,1.6,2.2,20160921_SEP_projections.txt
20160921,unemployment,2016,4.8,4.7,4.9,4.7,4.9,20160921_SEP_projections.txt
20160921,unemployment,2017,4.6,4.5,4.7,4.4,4.8,20160921_SEP_projections.txt
20160921,unemployment,2018,4.5,4.4,4.7,4.3,4.9,20160921_SEP_projections.txt
20160921,unemployment,2019,4.6,4.4,4.8,4.2,5.0,20160921_SEP_projections.txt
20160921,unemployment,longer_run,4.8,4.7,5.0,4.5,5.0,20160921_SEP_projections.txt
20160921,pce,2016,1.3,1.2,1.4,1.1,1.7,20160921_SEP_projections.txt
20160921,pce,2017,1.9,1.7,1.9,1.5,2.0,20160921_SEP_projections.txt
20160921,pce,2018,2.0,1.8,2.0,1.8,2.0,20160921_SEP_projections.txt
20160921,pce,2019,2.0,1.9,2.0,1.8,2.1,20160921_SEP_projections.txt
20160921,pce,longer_run,2.0,2.0,2.0,2.0,2.0,20160921_SEP_projections.txt
20160921,core_pce,2016,1.7,1.6,1.8,1.5,2.0,20160921_SEP_projections.txt
20160921,core_pce,2017,1.8,1.7,1.9,1.6,2.0,20160921_SEP_projections.txt
20160921,core_pce,2018,2.0,1.9,2.0,1.8,2.0,20160921_SEP_projections.txt
20160921,core_pce,2019,2.0,2.0,2.0,1.8,2.1,20160921_SEP_projections.txt
20160921,fed_funds,2016,0.6,0.6,0.9,0.4,1.1,20160921_SEP_projections.txt
20160921,fed_funds,2017,1.1,1.1,1.8,0.6,2.1,20160921_SEP_projections.txt
20160921,fed_funds,2018,1.9,1.9,2.8,0.6,3.1,20160921_SEP_projections.txt
20160921,fed_funds,2019,2.6,2.4,3.0,0.6,3.8,20160921_SEP_projections.txt
20160921,fed_funds,longer_run,2.9,2.8,3.0,2.5,3.8,20160921_SEP_projections.txt
20161214,real_gdp,2016,1.9,1.8,1.9,1.8,2.0,20161214_SEP_projections.txt
20161214,real_gdp,2017,2.1,1.9,2.3,1.7,2.4,20161214_SEP_projections.txt
20161214,real_gdp,2018,2.0,1.8,2.2,1.7,2.3,20161214_SEP_projections.txt
20161214,real_gdp,2019,1.9,1.8,2.0,1.5,2.2,20161214_SEP_projections.txt
20161214,real_gdp,longer_run,1.8,1.8,2.0,1.6,2.2,20161214_SEP_projections.txt
20161214,unemployment,2016,4.7,4.7,4.8,4.7,4.8,20161214_SEP_projections.txt
20161214,unemployment,2017,4.5,4.5,4.6,4.4,4.7,20161214_SEP_projections.txt
20161214,unemployment,2018,4.5,4.3,4.7,4.2,4.7,20161214_SEP_projections.txt
20161214,unemployment,2019,4.5,4.3,4.8,4.1,4.8,20161214_SEP_projections.txt
20161214,unemployment,longer_run,4.8,4.7,5.0,4.5,5.0,20161214_SEP_projections.txt
20161214,pce,2016,1.5,1.5,1.5,1.5,1.6,20161214_SEP_projections.txt
20161214,pce,2017,1.9,1.7,2.0,1.7,2.0,20161214_SEP_projections.txt
20161214,pce,2018,2.0,1.9,2.0,1.8,2.2,20161214_SEP_projections.txt
20161214,pce,2019,2.0,2.0,2.1,1.8,2.2,20161214_SEP_projections.txt
20161214,pce,longer_run,2.0,2.0,2.0,2.0,2.0,20161214_SEP_projections.txt
20161214,core_pce,2016,1.7,1.7,1.8,1.6,1.8,20161214_SEP_projections.txt
20161214,core_pce,2017,1.8,1.8,1.9,1.7,2.0,20161214_SEP_projections.txt
20161214,core_pce,2018,2.0,1.9,2.0,1.8,2.2,20161214_SEP_projections.txt
20161214,core_pce,2019,2.0,2.0,2.0,1.8,2.2,20161214_SEP_projections.txt
20161214,fed_funds,2016,0.6,0.6,0.6,0.6,0.6,20161214_SEP_projections.txt
20161214,fed_funds,2017,1.4,1.1,1.6,0.9,2.1,20161214_SEP_projections.txt
20161214,fed_funds,2018,2.1,1.9,2.6,0.9,3.4,20161214_SEP_projections.txt
20161214,fed_funds,2019,2.9,2.4,3.3,0.9,3.9,20161214_SEP_projections.txt
20161214,fed_funds,longer_run,3.0,2.8,3.0,2.5,3.8,20161214_SEP_projections.txt
20170315,real_gdp,2017,2.1,2.0,2.2,1.7,2.3,20170315_SEP_projections.txt
20170315,real_gdp,2018,2.1,1.8,2.3,1.7,2.4,20170315_SEP_projections.txt
20170315,real_gdp,2019,1.9,1.8,2.0,1.5,2.2,20170315_SEP_projections.txt
20170315,real_gdp,longer_run,1.8,1.8,2.0,1.6,2.2,20170315_SEP_projections.txt
20170315,unemployment,2017,4.5,4.5,4.6,4.4,4.7,20170315_SEP_projections.txt
20170315,unemployment,2018,4.5,4.3,4.6,4.2,4.7,20170315_SEP_projections.txt
20170315,unemployment,2019,4.5,4.3,4.7,4.1,4.8,20170315_SEP_projections.txt
20170315,unemployment,longer_run,4.7,4.7,5.0,4.5,5.0,20170315_SEP_projections.txt
20170315,pce,2017,1.9,1.8,2.0,1.7,2.1,20170315_SEP_projections.txt
20170315,pce,2018,2.0,1.9,2.0,1.8,2.1,20170315_SEP_projections.txt
20170315,pce,2019,2.0,2.0,2.1,1.8,2.2,20170315_SEP_projections.txt
20170315,pce,longer_run,2.0,2.0,2.0,2.0,2.0,20170315_SEP_projections.txt
20170315,core_pce,2017,1.9,1.8,1.9,1.7,2.0,20170315_SEP_projections.txt
20170315,core_pce,2018,2.0,1.9,2.0,1.8,2.1,20170315_SEP_projections.txt
20170315,core_pce,2019,2.0,2.0,2.1,1.8,2.2,20170315_SEP_projections.txt
20170315,fed_funds,2017,1.4,1.4,1.6,0.9,2.1,20170315_SEP_projections.txt
20170315,fed_funds,2018,2.1,2.1,2.9,0.9,3.4,20170315_SEP_projections.txt
20170315,fed_funds,2019,3.0,2.6,3.3,0.9,3.9,20170315_SEP_projections.txt
20170315,fed_funds,longer_run,3.0,2.8,3.0,2.5,3.8,20170315_SEP_projections.txt
20170614,real_gdp,2017,2.2,2.1,2.2,2.0,2.5,20170614_SEP_projections.txt
20170614,real_gdp,2018,2.1,1.8,2.2,1.7,2.3,20170614_SEP_projections.txt
20170614,real_gdp,2019,1.9,1.8,2.0,1.4,2.3,20170614_SEP_projections.txt
20170614,real_gdp,longer_run,1.8,1.8,2.0,1.5,2.2,20170614_SEP_projections.txt
20170614,unemployment,2017,4.3,4.2,4.3,4.1,4.5,20170614_SEP_projections.txt
20170614,unemployment,2018,4.2,4.0,4.3,3.9,4.5,20170614_SEP_projections.txt
20170614,unemployment,2019,4.2,4.1,4.4,3.8,4.5,20170614_SEP_projections.txt
20170614,unemployment,longer_run,4.6,4.5,4.8,4.5,5.0,20170614_SEP_projections.txt
20170614,pce,2017,1.6,1.6,1.7,1.5,1.8,20170614_SEP_projections.txt
20170614,pce,2018,2.0,1.8,2.0,1.7,2.1,20170614_SEP_projections.txt
20170614,pce,2019,2.0,2.0,2.1,1.8,2.2,20170614_SEP_projections.txt
20170614,pce,longer_run,2.0,2.0,2.0,2.0,2.0,20170614_SEP_projections.txt
20170614,core_pce,2017,1.7,1.6,1.7,1.6,1.8,20170614_SEP_projections.txt
20170614,core_pce,2018,2.0,1.8,2.0,1.7,2.1,20170614_SEP_projections.txt
20170614,core_pce,2019,2.0,2.0,2.1,1.8,2.2,20170614_SEP_projections.txt
20170614,fed_funds,2017,1.4,1.1,1.6,1.1,1.6,20170614_SEP_projections.txt
20170614,fed_funds,2018,2.1,1.9,2.6,1.1,3.1,20170614_SEP_projections.txt
20170614,fed_funds,2019,2.9,2.6,3.1,1.1,4.1,20170614_SEP_projections.txt
20170614,fed_funds,longer_run,3.0,2.8,3.0,2.5,3.5,20170614_SEP_projections.txt
20170920,real_gdp,2017,2.4,2.2,2.5,2.2,2.7,20170920_SEP_projections.txt
20170920,real_gdp,2018,2.1,2.0,2.3,1.7,2.6,20170920_SEP_projections.txt
20170920,real_gdp,2019,2.0,1.7,2.1,1.4,2.3,20170920_SEP_projections.txt
20170920,real_gdp,2020,1.8,1.6,2.0,1.4,2.0,20170920_SEP_projections.txt
20170920,real_gdp,longer_run,1.8,1.8,2.0,1.5,2.2,20170920_SEP_projections.txt
20170920,unemployment,2017,4.3,4.2,4.3,4.2,4.5,20170920_SEP_projections.txt
20170920,unemployment,2018,4.1,4.0,4.2,3.9,4.5,20170920_SEP_projections.txt
20170920,unemployment,2019,4.1,3.9,4.4,3.8,4.5,20170920_SEP_projections.txt
20170920,unemployment,2020,4.2,4.0,4.5,3.8,4.8,20170920_SEP_projections.txt
20170920,unemployment,longer_run,4.6,4.5,4.8,4.4,5.0,20170920_SEP_projections.txt
20170920,pce,2017,1.6,1.5,1.6,1.5,1.7,20170920_SEP_projections.txt
20170920,pce,2018,1.9,1.8,2.0,1.7,2.0,20170920_SEP_projections.txt
20170920,pce,2019,2.0,2.0,2.0,1.8,2.2,20170920_SEP_projections.txt
20170920,pce,2020,2.0,2.0,2.1,1.9,2.2,20170920_SEP_projections.txt
20170920,pce,longer_run,2.0,2.0,2.0,2.0,2.0,20170920_SEP_projections.txt
20170920,core_pce,2017,1.5,1.5,1.6,1.4,1.7,20170920_SEP_projections.txt
20170920,core_pce,2018,1.9,1.8,2.0,1.7,2.0,20170920_SEP_projections.txt
20170920,core_pce,2019,2.0,2.0,2.0,1.8,2.2,20170920_SEP_projections.txt
20170920,core_pce,2020,2.0,2.0,2.1,1.9,2.2,20170920_SEP_projections.txt
20170920,fed_funds,2017,1.4,1.1,1.4,1.1,1.6,20170920_SEP_projections.txt
20170920,fed_funds,2018,2.1,1.9,2.4,1.1,2.6,20170920_SEP_projections.txt
20170920,fed_funds,2019,2.7,2.4,3.1,1.1,3.4,20170920_SEP_projections.txt
20170920,fed_funds,2020,2.9,2.5,3.5,1.1,3.9,20170920_SEP_projections.txt
20170920,fed_funds,longer_run,2.8,2.5,3.0,2.3,3.5,20170920_SEP_projections.txt
20171213,real_gdp,2017,2.5,2.4,2.5,2.4,2.6,20171213_SEP_projections.txt
20171213,real_gdp,2018,2.5,2.2,2.6,2.2,2.8,20171213_SEP_projections.txt
20171213,real_gdp,2019,2.1,1.9,2.3,1.7,2.4,20171213_SEP_projections.txt
20171213,real_gdp,2020,2.0,1.7,2.0,1.1,2.2,20171213_SEP_projections.txt
20171213,real_gdp,longer_run,1.8,1.8,1.9,1.7,2.2,20171213_SEP_projections.txt
20171213,unemployment,2017,4.1,4.1,4.1,4.1,4.1,20171213_SEP_projections.txt
20171213,unemployment,2018,3.9,3.7,4.0,3.6,4.0,20171213_SEP_projections.txt
20171213,unemployment,2019,3.9,3.6,4.0,3.5,4.2,20171213_SEP_projections.txt
20171213,unemployment,2020,4.0,3.6,4.2,3.5,4.5,20171213_SEP_projections.txt
20171213,unemployment,longer_run,4.6,4.4,4.7,4.3,5.0,20171213_SEP_projections.txt
20171213,pce,2017,1.7,1.6,1.7,1.5,1.7,20171213_SEP_projections.txt
20171213,pce,2018,1.9,1.7,1.9,1.7,2.1,20171213_SEP_projections.txt
20171213,pce,2019,2.0,2.0,2.0,1.8,2.3,20171213_SEP_projections.txt
20171213,pce,2020,2.0,2.0,2.1,1.9,2.2,20171213_SEP_projections.txt
20171213,pce,longer_run,2.0,2.0,2.0,2.0,2.0,20171213_SEP_projections.txt
20171213,core_pce,2017,1.5,1.5,1.5,1.4,1.5,20171213_SEP_projections.txt
20171213,core_pce,2018,1.9,1.7,1.9,1.7,2.0,20171213_SEP_projections.txt
20171213,core_pce,2019,2.0,2.0,2.0,1.8,2.3,20171213_SEP_projections.txt
20171213,core_pce,2020,2.0,2.0,2.1,1.9,2.3,20171213_SEP_projections.txt
20171213,fed_funds,2017,1.4,1.4,1.4,1.1,1.4,20171213_SEP_projections.txt
20171213,fed_funds,2018,2.1,1.9,2.4,1.1,2.6,20171213_SEP_projections.txt
20171213,fed_funds,2019,2.7,2.4,3.1,1.4,3.6,20171213_SEP_projections.txt
20171213,fed_funds,2020,3.1,2.6,3.1,1.4,4.1,20171213_SEP_projections.txt
20171213,fed_funds,longer_run,2.8,2.8,3.0,2.3,3.0,20171213_SEP_projections.txt
20180321,real_gdp,2018,2.7,2.6,3.0,2.5,3.0,20180321_SEP_projections.txt
20180321,real_gdp,2019,2.4,2.2,2.6,2.0,2.8,20180321_SEP_projections.txt
20180321,real_gdp,2020,2.0,1.8,2.1,1.5,2.3,20180321_SEP_projections.txt
20180321,real_gdp,longer_run,1.8,1.8,2.0,1.7,2.2,20180321_SEP_projections.txt
20180321,unemployment,2018,3.8,3.6,3.8,3.6,4.0,20180321_SEP_projections.txt
20180321,unemployment,2019,3.6,3.4,3.7,3.3,4.2,20180321_SEP_projections.txt
20180321,unemployment,2020,3.6,3.5,3.8,3.3,4.4,20180321_SEP_projections.txt
20180321,unemployment,longer_run,4.5,4.3,4.7,4.2,4.8,20180321_SEP_projections.txt
20180321,pce,2018,1.9,1.8,2.0,1.8,2.1,20180321_SEP_projections.txt
20180321,pce,2019,2.0,2.0,2.2,1.9,2.3,20180321_SEP_projections.txt
20180321,pce,2020,2.1,2.1,2.2,2.0,2.3,20180321_SEP_projections.txt
20180321,pce,longer_run,2.0,2.0,2.0,2.0,2.0,20180321_SEP_projections.txt
20180321,core_pce,2018,1.9,1.8,2.0,1.8,2.1,20180321_SEP_projections.txt
20180321,core_pce,2019,2.1,2.0,2.2,1.9,2.3,20180321_SEP_projections.txt
20180321,core_pce,2020,2.1,2.1,2.2,2.0,2.3,20180321_SEP_projections.txt
20180321,fed_funds,2018,2.1,2.1,2.4,1.6,2.6,20180321_SEP_projections.txt
20180321,fed_funds,2019,2.9,2.8,3.4,1.6,3.9,20180321_SEP_projections.txt
20180321,fed_funds,2020,3.4,3.1,3.6,1.6,4.9,20180321_SEP_projections.txt
20180321,fed_funds,longer_run,2.9,2.8,3.0,2.3,3.5,20180321_SEP_projections.txt
20180613,real_gdp,2018,2.8,2.7,3.0,2.5,3.0,20180613_SEP_projections.txt
20180613,real_gdp,2019,2.4,2.2,2.6,2.1,2.7,20180613_SEP_projections.txt
20180613,real_gdp,2020,2.0,1.8,2.0,1.5,2.2,20180613_SEP_projections.txt
20180613,real_gdp,longer_run,1.8,1.8,2.0,1.7,2.1,20180613_SEP_projections.txt
20180613,unemployment,2018,3.6,3.6,3.7,3.5,3.8,20180613_SEP_projections.txt
20180613,unemployment,2019,3.5,3.4,3.5,3.3,3.8,20180613_SEP_projections.txt
20180613,unemployment,2020,3.5,3.4,3.7,3.3,4.0,20180613_SEP_projections.txt
20180613,unemployment,longer_run,4.5,4.3,4.6,4.1,4.7,20180613_SEP_projections.txt
20180613,pce,2018,2.1,2.0,2.1,2.0,2.2,20180613_SEP_projections.txt
20180613,pce,2019,2.1,2.0,2.2,1.9,2.3,20180613_SEP_projections.txt
20180613,pce,2020,2.1,2.1,2.2,2.0,2.3,20180613_SEP_projections.txt
20180613,pce,longer_run,2.0,2.0,2.0,2.0,2.0,20180613_SEP_projections.txt
20180613,core_pce,2018,2.0,1.9,2.0,1.9,2.1,20180613_SEP_projections.txt
20180613,core_pce,2019,2.1,2.0,2.2,2.0,2.3,20180613_SEP_projections.txt
20180613,core_pce,2020,2.1,2.1,2.2,2.0,2.3,20180613_SEP_projections.txt
20180613,fed_funds,2018,2.4,2.1,2.4,1.9,2.6,20180613_SEP_projections.txt
20180613,fed_funds,2019,3.1,2.9,3.4,1.9,3.6,20180613_SEP_projections.txt
20180613,fed_funds,2020,3.4,3.1,3.6,1.9,4.1,20180613_SEP_projections.txt
20180613,fed_funds,longer_run,2.9,2.8,3.0,2.3,3.5,20180613_SEP_projections.txt
20180926,real_gdp,2018,3.1,3.0,3.2,2.9,3.2,20180926_SEP_projections.txt
20180926,real_gdp,2019,2.5,2.4,2.7,2.1,2.8,20180926_SEP_projections.txt
20180926,real_gdp,2020,2.0,1.8,2.1,1.7,2.4,20180926_SEP_projections.txt
20180926,real_gdp,2021,1.8,1.6,2.0,1.5,2.1,20180926_SEP_projections.txt
20180926,real_gdp,longer_run,1.8,1.8,2.0,1.7,2.1,20180926_SEP_projections.txt
20180926,unemployment,2018,3.7,3.7,3.7,3.7,3.8,20180926_SEP_projections.txt
20180926,unemployment,2019,3.5,3.4,3.6,3.4,3.8,20180926_SEP_projections.txt
20180926,unemployment,2020,3.5,3.4,3.8,3.3,4.0,20180926_SEP_projections.txt
20180926,unemployment,2021,3.7,3.5,4.0,3.4,4.2,20180926_SEP_projections.txt
20180926,unemployment,longer_run,4.5,4.3,4.6,4.0,4.6,20180926_SEP_projections.txt
20180926,pce,2018,2.1,2.0,2.1,1.9,2.2,20180926_SEP_projections.txt
20180926,pce,2019,2.0,2.0,2.1,2.0,2.3,20180926_SEP_projections.txt
20180926,pce,2020,2.1,2.1,2.2,2.0,2.2,20180926_SEP_projections.txt
20180926,pce,2021,2.1,2.0,2.2,2.0,2.3,20180926_SEP_projections.txt
20180926,pce,longer_run,2.0,2.0,2.0,2.0,2.0,20180926_SEP_projections.txt
20180926,core_pce,2018,2.0,1.9,2.0,1.9,2.0,20180926_SEP_projections.txt
20180926,core_pce,2019,2.1,2.0,2.1,2.0,2.3,20180926_SEP_projections.txt
20180926,core_pce,2020,2.1,2.1,2.2,2.0,2.2,20180926_SEP_projections.txt
20180926,core_pce,2021,2.1,2.0,2.2,2.0,2.3,20180926_SEP_projections.txt
20180926,fed_funds,2018,2.4,2.1,2.4,2.1,2.4,20180926_SEP_projections.txt
20180926,fed_funds,2019,3.1,2.9,3.4,2.1,3.6,20180926_SEP_projections.txt
20180926,fed_funds,2020,3.4,3.1,3.6,2.1,3.9,20180926_SEP_projections.txt
20180926,fed_funds,2021,3.4,2.9,3.6,2.1,4.1,20180926_SEP_projections.txt
20180926,fed_funds,longer_run,3.0,2.8,3.0,2.5,3.5,20180926_SEP_projections.txt
20181219,real_gdp,2018,3.0,3.0,3.1,3.0,3.1,20181219_SEP_projections.txt
20181219,real_gdp,2019,2.3,2.3,2.5,2.0,2.7,20181219_SEP_projections.txt
20181219,real_gdp,2020,2.0,1.8,2.0,1.5,2.2,20181219_SEP_projections.txt
20181219,real_gdp,2021,1.8,1.5,2.0,1.4,2.1,20181219_SEP_projections.txt
20181219,real_gdp,longer_run,1.9,1.8,2.0,1.7,2.2,20181219_SEP_projections.txt
20181219,unemployment,2018,3.7,3.7,3.7,3.7,3.7,20181219_SEP_projections.txt
20181219,unemployment,2019,3.5,3.5,3.7,3.4,4.0,20181219_SEP_projections.txt
20181219,unemployment,2020,3.6,3.5,3.8,3.4,4.3,20181219_SEP_projections.txt
20181219,unemployment,2021,3.8,3.6,3.9,3.4,4.2,20181219_SEP_projections.txt
20181219,unemployment,longer_run,4.4,4.2,4.5,4.0,4.6,20181219_SEP_projections.txt
20181219,pce,2018,1.9,1.8,1.9,1.8,1.9,20181219_SEP_projections.txt
20181219,pce,2019,1.9,1.8,2.1,1.8,2.2,20181219_SEP_projections.txt
20181219,pce,2020,2.1,2.0,2.1,2.0,2.2,20181219_SEP_projections.txt
20181219,pce,2021,2.1,2.0,2.1,2.0,2.3,20181219_SEP_projections.txt
20181219,pce,longer_run,2.0,2.0,2.0,2.0,2.0,20181219_SEP_projections.txt
20181219,core_pce,2018,1.9,1.8,1.9,1.8,1.9,20181219_SEP_projections.txt
20181219,core_pce,2019,2.0,2.0,2.1,1.9,2.2,20181219_SEP_projections.txt
20181219,core_pce,2020,2.0,2.0,2.1,2.0,2.2,20181219_SEP_projections.txt
20181219,core_pce,2021,2.0,2.0,2.1,2.0,2.3,20181219_SEP_projections.txt
20181219,fed_funds,2018,2.4,2.4,2.4,2.1,2.4,20181219_SEP_projections.txt
20181219,fed_funds,2019,2.9,2.6,3.1,2.4,3.1,20181219_SEP_projections.txt
20181219,fed_funds,2020,3.1,2.9,3.4,2.4,3.6,20181219_SEP_projections.txt
20181219,fed_funds,2021,3.1,2.6,3.1,2.4,3.6,20181219_SEP_projections.txt
20181219,fed_funds,longer_run,2.8,2.5,3.0,2.5,3.5,20181219_SEP_projections.txt
20190320,real_gdp,2019,2.1,1.9,2.2,1.6,2.4,20190320_SEP_projections.txt
20190320,real_gdp,2020,1.9,1.8,2.0,1.7,2.2,20190320_SEP_projections.txt
20190320,real_gdp,2021,1.8,1.7,2.0,1.5,2.2,20190320_SEP_projections.txt
20190320,real_gdp,longer_run,1.9,1.8,2.0,1.7,2.2,20190320_SEP_projections.txt
20190320,unemployment,2019,3.7,3.6,3.8,3.5,4.0,20190320_SEP_projections.txt
20190320,unemployment,2020,3.8,3.6,3.9,3.4,4.1,20190320_SEP_projections.txt
20190320,unemployment,2021,3.9,3.7,4.1,3.4,4.2,20190320_SEP_projections.txt
20190320,unemployment,longer_run,4.3,4.1,4.5,4.0,4.6,20190320_SEP_projections.txt
20190320,pce,2019,1.8,1.8,1.9,1.6,2.1,20190320_SEP_projections.txt
20190320,pce,2020,2.0,2.0,2.1,1.9,2.2,20190320_SEP_projections.txt
20190320,pce,2021,2.0,2.0,2.1,2.0,2.2,20190320_SEP_projections.txt
20190320,pce,longer_run,2.0,2.0,2.0,2.0,2.0,20190320_SEP_projections.txt
20190320,core_pce,2019,2.0,1.9,2.0,1.8,2.2,20190320_SEP_projections.txt
20190320,core_pce,2020,2.0,2.0,2.1,1.8,2.2,20190320_SEP_projections.txt
20190320,core_pce,2021,2.0,2.0,2.1,1.9,2.2,20190320_SEP_projections.txt
20190320,fed_funds,2019,2.4,2.4,2.6,2.4,2.9,20190320_SEP_projections.txt
20190320,fed_funds,2020,2.6,2.4,2.9,2.4,3.4,20190320_SEP_projections.txt
20190320,fed_funds,2021,2.6,2.4,2.9,2.4,3.6,20190320_SEP_projections.txt
20190320,fed_funds,longer_run,2.8,2.5,3.0,2.5,3.5,20190320_SEP_projections.txt
20190619,real_gdp,2019,2.1,2.0,2.2,2.0,2.4,20190619_SEP_projections.txt
20190619,real_gdp,2020,2.0,1.8,2.2,1.5,2.3,20190619_SEP_projections.txt
20190619,real_gdp,2021,1.8,1.8,2.0,1.5,2.1,20190619_SEP_projections.txt
20190619,real_gdp,longer_run,1.9,1.8,2.0,1.7,2.1,20190619_SEP_projections.txt
20190619,unemployment,2019,3.6,3.6,3.7,3.5,3.8,20190619_SEP_projections.txt
20190619,unemployment,2020,3.7,3.5,3.9,3.3,4.0,20190619_SEP_projections.txt
20190619,unemployment,2021,3.8,3.6,4.0,3.3,4.2,20190619_SEP_projections.txt
20190619,unemployment,longer_run,4.2,4.0,4.4,3.6,4.5,20190619_SEP_projections.txt
20190619,pce,2019,1.5,1.5,1.6,1.4,1.7,20190619_SEP_projections.txt
20190619,pce,2020,1.9,1.9,2.0,1.8,2.1,20190619_SEP_projections.txt
20190619,pce,2021,2.0,2.0,2.1,1.9,2.2,20190619_SEP_projections.txt
20190619,pce,longer_run,2.0,2.0,2.0,2.0,2.0,20190619_SEP_projections.txt
20190619,core_pce,2019,1.8,1.7,1.8,1.4,1.8,20190619_SEP_projections.txt
20190619,core_pce,2020,1.9,1.9,2.0,1.8,2.1,20190619_SEP_projections.txt
20190619,core_pce,2021,2.0,2.0,2.1,1.8,2.2,20190619_SEP_projections.txt
20190619,fed_funds,2019,2.4,1.9,2.4,1.9,2.6,20190619_SEP_projections.txt
20190619,fed_funds,2020,2.1,1.9,2.4,1.9,3.1,20190619_SEP_projections.txt
20190619,fed_funds,2021,2.4,1.9,2.6,1.9,3.1,20190619_SEP_projections.txt
20190619,fed_funds,longer_run,2.5,2.5,3.0,2.4,3.3,20190619_SEP_projections.txt
20190918,real_gdp,2019,2.2,2.1,2.3,2.1,2.4,20190918_SEP_projections.txt
20190918,real_gdp,2020,2.0,1.8,2.1,1.7,2.3,20190918_SEP_projections.txt
20190918,real_gdp,2021,1.9,1.8,2.0,1.7,2.1,20190918_SEP_projections.txt
20190918,real_gdp,2022,1.8,1.7,2.0,1.6,2.1,20190918_SEP_projections.txt
20190918,real_gdp,longer_run,1.9,1.8,2.0,1.7,2.1,20190918_SEP_projections.txt
20190918,unemployment,2019,3.7,3.6,3.7,3.5,3.8,20190918_SEP_projections.txt
20190918,unemployment,2020,3.7,3.6,3.8,3.3,4.0,20190918_SEP_projections.txt
20190918,unemployment,2021,3.8,3.6,3.9,3.3,4.1,20190918_SEP_projections.txt
20190918,unemployment,2022,3.9,3.7,4.0,3.3,4.2,20190918_SEP_projections.txt
20190918,unemployment,longer_run,4.2,4.0,4.3,3.6,4.5,20190918_SEP_projections.txt
20190918,pce,2019,1.5,1.5,1.6,1.4,1.7,20190918_SEP_projections.txt
20190918,pce,2020,1.9,1.8,2.0,1.7,2.1,20190918_SEP_projections.txt
20190918,pce,2021,2.0,2.0,2.0,1.8,2.3,20190918_SEP_projections.txt
20190918,pce,2022,2.0,2.0,2.2,1.8,2.2,20190918_SEP_projections.txt
20190918,pce,longer_run,2.0,2.0,2.0,2.0,2.0,20190918_SEP_projections.txt
20190918,core_pce,2019,1.8,1.7,1.8,1.6,1.8,20190918_SEP_projections.txt
20190918,core_pce,2020,1.9,1.9,2.0,1.7,2.1,20190918_SEP_projections.txt
20190918,core_pce,2021,2.0,2.0,2.0,1.8,2.3,20190918_SEP_projections.txt
20190918,core_pce,2022,2.0,2.0,2.2,1.8,2.2,20190918_SEP_projections.txt
20190918,fed_funds,2019,1.9,1.6,2.1,1.6,2.1,20190918_SEP_projections.txt
20190918,fed_funds,2020,1.9,1.6,2.1,1.6,2.4,20190918_SEP_projections.txt
20190918,fed_funds,2021,2.1,1.6,2.4,1.6,2.6,20190918_SEP_projections.txt
20190918,fed_funds,2022,2.4,1.9,2.6,1.6,2.9,20190918_SEP_projections.txt
20190918,fed_funds,longer_run,2.5,2.5,2.8,2.0,3.3,20190918_SEP_projections.txt
20191211,real_gdp,2019,2.2,2.1,2.2,2.1,2.3,20191211_SEP_projections.txt
20191211,real_gdp,2020,2.0,2.0,2.2,1.8,2.3,20191211_SEP_projections.txt
20191211,real_gdp,2021,1.9,1.8,2.0,1.7,2.2,20191211_SEP_projections.txt
20191211,real_gdp,2022,1.8,1.8,2.0,1.5,2.2,20191211_SEP_projections.txt
20191211,real_gdp,longer_run,1.9,1.8,2.0,1.7,2.2,20191211_SEP_projections.txt
20191211,unemployment,2019,3.6,3.5,3.6,3.5,3.6,20191211_SEP_projections.txt
20191211,unemployment,2020,3.5,3.5,3.7,3.3,3.8,20191211_SEP_projections.txt
20191211,unemployment,2021,3.6,3.5,3.9,3.3,4.0,20191211_SEP_projections.txt
20191211,unemployment,2022,3.7,3.5,4.0,3.3,4.1,20191211_SEP_projections.txt
20191211,unemployment,longer_run,4.1,3.9,4.3,3.5,4.5,20191211_SEP_projections.txt
20191211,pce,2019,1.5,1.4,1.5,1.4,1.7,20191211_SEP_projections.txt
20191211,pce,2020,1.9,1.8,1.9,1.7,2.1,20191211_SEP_projections.txt
20191211,pce,2021,2.0,2.0,2.1,1.8,2.3,20191211_SEP_projections.txt
20191211,pce,2022,2.0,2.0,2.2,1.8,2.2,20191211_SEP_projections.txt
20191211,pce,longer_run,2.0,2.0,2.0,2.0,2.0,20191211_SEP_projections.txt
20191211,core_pce,2019,1.6,1.6,1.7,1.6,1.8,20191211_SEP_projections.txt
20191211,core_pce,2020,1.9,1.9,2.0,1.7,2.1,20191211_SEP_projections.txt
20191211,core_pce,2021,2.0,2.0,2.1,1.8,2.3,20191211_SEP_projections.txt
20191211,core_pce,2022,2.0,2.0,2.2,1.8,2.2,20191211_SEP_projections.txt
20191211,fed_funds,2019,1.6,1.6,1.6,1.6,1.6,20191211_SEP_projections.txt
20191211,fed_funds,2020,1.6,1.6,1.9,1.6,1.9,20191211_SEP_projections.txt
20191211,fed_funds,2021,1.9,1.6,2.1,1.6,2.4,20191211_SEP_projections.txt
20191211,fed_funds,2022,2.1,1.9,2.6,1.6,2.9,20191211_SEP_projections.txt
20191211,fed_funds,longer_run,2.5,2.4,2.8,2.0,3.3,20191211_SEP_projections.txt
20200610,real_gdp,2020,-6.5,,,,,20200610_SEP_projections.txt
20200610,real_gdp,2021,5.0,4.5,6.0,-1.0,7.0,20200610_SEP_projections.txt
20200610,real_gdp,2022,3.5,3.0,4.5,2.0,6.0,20200610_SEP_projections.txt
20200610,real_gdp,longer_run,1.8,1.7,2.0,1.6,2.2,20200610_SEP_projections.txt
20200610,unemployment,2020,9.3,9.0,10.0,7.0,14.0,20200610_SEP_projections.txt
20200610,unemployment,2021,6.5,5.9,7.5,4.5,12.0,20200610_SEP_projections.txt
20200610,unemployment,2022,5.5,4.8,6.1,4.0,8.0,20200610_SEP_projections.txt
20200610,unemployment,longer_run,4.1,4.0,4.3,3.5,4.7,20200610_SEP_projections.txt
20200610,pce,2020,0.8,0.6,1.0,0.5,1.2,20200610_SEP_projections.txt
20200610,pce,2021,1.6,1.4,1.7,1.1,2.0,20200610_SEP_projections.txt
20200610,pce,2022,1.7,1.6,1.8,1.4,2.2,20200610_SEP_projections.txt
20200610,pce,longer_run,2.0,2.0,2.0,2.0,2.0,20200610_SEP_projections.txt
20200610,core_pce,2020,1.0,0.9,1.1,0.7,1.3,20200610_SEP_projections.txt
20200610,core_pce,2021,1.5,1.4,1.7,1.2,2.0,20200610_SEP_projections.txt
20200610,core_pce,2022,1.7,1.6,1.8,1.2,2.2,20200610_SEP_projections.txt
20200610,fed_funds,2020,0.1,0.1,0.1,0.1,0.1,20200610_SEP_projections.txt
20200610,fed_funds,2021,0.1,0.1,0.1,0.1,0.1,20200610_SEP_projections.txt
20200610,fed_funds,2022,0.1,0.1,0.1,0.1,1.1,20200610_SEP_projections.txt
20200610,fed_funds,longer_run,2.5,2.3,2.5,2.0,3.0,20200610_SEP_projections.txt
20200916,real_gdp,2020,-3.7,-4.0,-3.0,-5.5,1.0,20200916_SEP_projections.txt
20200916,real_gdp,2021,4.0,3.6,4.7,0.0,5.5,20200916_SEP_projections.txt
20200916,real_gdp,2022,3.0,2.5,3.3,2.0,4.5,20200916_SEP_projections.txt
20200916,real_gdp,2023,2.5,2.4,3.0,2.0,4.0,20200916_SEP_projections.txt
20200916,real_gdp,longer_run,1.9,1.7,2.0,1.6,2.2,20200916_SEP_projections.txt
20200916,unemployment,2020,7.6,7.0,8.0,6.5,8.0,20200916_SEP_projections.txt
20200916,unemployment,2021,5.5,5.0,6.2,4.0,8.0,20200916_SEP_projections.txt
20200916,unemployment,2022,4.6,4.0,5.0,3.5,7.5,20200916_SEP_projections.txt
20200916,unemployment,2023,4.0,3.5,4.4,3.5,6.0,20200916_SEP_projections.txt
20200916,unemployment,longer_run,4.1,3.9,4.3,3.5,4.7,20200916_SEP_projections.txt
20200916,pce,2020,1.2,1.1,1.3,1.0,1.5,20200916_SEP_projections.txt
20200916,pce,2021,1.7,1.6,1.9,1.3,2.4,20200916_SEP_projections.txt
20200916,pce,2022,1.8,1.7,1.9,1.5,2.2,20200916_SEP_projections.txt
20200916,pce,2023,2.0,1.9,2.0,1.7,2.1,20200916_SEP_projections.txt
20200916,pce,longer_run,2.0,2.0,2.0,2.0,2.0,20200916_SEP_projections.txt
20200916,core_pce,2020,1.5,1.3,1.5,1.2,1.6,20200916_SEP_projections.txt
20200916,core_pce,2021,1.7,1.6,1.8,1.5,2.4,20200916_SEP_projections.txt
20200916,core_pce,2022,1.8,1.7,1.9,1.6,2.2,20200916_SEP_projections.txt
20200916,core_pce,2023,2.0,1.9,2.0,1.7,2.1,20200916_SEP_projections.txt
20200916,fed_funds,2020,0.1,0.1,0.1,0.1,0.1,20200916_SEP_projections.txt
20200916,fed_funds,2021,0.1,0.1,0.1,0.1,0.1,20200916_SEP_projections.txt
20200916,fed_funds,2022,0.1,0.1,0.1,0.1,0.6,20200916_SEP_projections.txt
20200916,fed_funds,2023,0.1,0.1,0.4,0.1,1.4,20200916_SEP_projections.txt
20200916,fed_funds,longer_run,2.5,2.3,2.5,2.0,3.0,20200916_SEP_projections.txt
20201216,real_gdp,2020,-2.4,,,,,20201216_SEP_projections.txt
20201216,real_gdp,2021,4.2,3.7,5.0,0.5,5.5,20201216_SEP_projections.txt
20201216,real_gdp,2022,3.2,3.0,3.5,2.5,4.0,20201216_SEP_projections.txt
20201216,real_gdp,2023,2.4,2.2,2.7,2.0,3.5,20201216_SEP_projections.txt
20201216,real_gdp,longer_run,1.8,1.7,2.0,1.6,2.2,20201216_SEP_projections.txt
20201216,unemployment,2020,6.7,6.7,6.8,6.6,6.9,20201216_SEP_projections.txt
20201216,unemployment,2021,5.0,4.7,5.4,4.0,6.8,20201216_SEP_projections.txt
20201216,unemployment,2022,4.2,3.8,4.6,3.5,5.8,20201216_SEP_projections.txt
20201216,unemployment,2023,3.7,3.5,4.3,3.3,5.0,20201216_SEP_projections.txt
20201216,unemployment,longer_run,4.1,3.9,4.3,3.5,4.5,20201216_SEP_projections.txt
20201216,pce,2020,1.2,1.2,1.2,1.1,1.4,20201216_SEP_projections.txt
20201216,pce,2021,1.8,1.7,1.9,1.2,2.3,20201216_SEP_projections.txt
20201216,pce,2022,1.9,1.8,2.0,1.5,2.2,20201216_SEP_projections.txt
20201216,pce,2023,2.0,1.9,2.1,1.7,2.2,20201216_SEP_projections.txt
20201216,pce,longer_run,2.0,2.0,2.0,2.0,2.0,20201216_SEP_projections.txt
20201216,core_pce,2020,1.4,1.4,1.4,1.3,1.5,20201216_SEP_projections.txt
20201216,core_pce,2021,1.8,1.7,1.8,1.5,2.3,20201216_SEP_projections.txt
20201216,core_pce,2022,1.9,1.8,2.0,1.6,2.2,20201216_SEP_projections.txt
20201216,core_pce,2023,2.0,1.9,2.1,1.7,2.2,20201216_SEP_projections.txt
20201216,fed_funds,2020,0.1,0.1,0.1,0.1,0.1,20201216_SEP_projections.txt
20201216,fed_funds,2021,0.1,0.1,0.1,0.1,0.1,20201216_SEP_projections.txt
20201216,fed_funds,2022,0.1,0.1,0.1,0.1,0.4,20201216_SEP_projections.txt
20201216,fed_funds,2023,0.1,0.1,0.4,0.1,1.1,20201216_SEP_projections.txt
20201216,fed_funds,longer_run,2.5,2.3,2.5,2.0,3.0,20201216_SEP_projections.txt
20210317,real_gdp,2021,6.5,5.8,6.6,5.0,7.3,20210317_SEP_projections.txt
20210317,real_gdp,2022,3.3,3.0,3.8,2.5,4.4,20210317_SEP_projections.txt
20210317,real_gdp,2023,2.2,2.0,2.5,1.7,2.6,20210317_SEP_projections.txt
20210317,real_gdp,longer_run,1.8,1.8,2.0,1.6,2.2,20210317_SEP_projections.txt
20210317,unemployment,2021,4.5,4.2,4.7,4.0,5.5,20210317_SEP_projections.txt
20210317,unemployment,2022,3.9,3.6,4.0,3.2,4.2,20210317_SEP_projections.txt
20210317,unemployment,2023,3.5,3.2,3.8,3.0,4.0,20210317_SEP_projections.txt
20210317,unemployment,longer_run,4.0,3.8,4.3,3.5,4.5,20210317_SEP_projections.txt
20210317,pce,2021,2.4,2.2,2.4,2.1,2.6,20210317_SEP_projections.txt
20210317,pce,2022,2.0,1.8,2.1,1.8,2.3,20210317_SEP_projections.txt
20210317,pce,2023,2.1,2.0,2.2,1.9,2.3,20210317_SEP_projections.txt
20210317,pce,longer_run,2.0,2.0,2.0,2.0,2.0,20210317_SEP_projections.txt
20210317,core_pce,2021,2.2,2.0,2.3,1.9,2.5,20210317_SEP_projections.txt
20210317,core_pce,2022,2.0,1.9,2.1,1.8,2.3,20210317_SEP_projections.txt
20210317,core_pce,2023,2.1,2.0,2.2,1.9,2.3,20210317_SEP_projections.txt
20210317,fed_funds,2021,0.1,0.1,0.1,0.1,0.1,20210317_SEP_projections.txt
20210317,fed_funds,2022,0.1,0.1,0.4,0.1,0.6,20210317_SEP_projections.txt
20210317,fed_funds,2023,0.1,0.1,0.9,0.1,1.1,20210317_SEP_projections.txt
20210317,fed_funds,longer_run,2.5,2.3,2.5,2.0,3.0,20210317_SEP_projections.txt
20210616,real_gdp,2021,7.0,6.8,7.3,6.3,7.8,20210616_SEP_projections.txt
20210616,real_gdp,2022,3.3,2.8,3.8,2.6,4.2,20210616_SEP_projections.txt
20210616,real_gdp,2023,2.4,2.0,2.5,1.7,2.7,20210616_SEP_projections.txt
20210616,real_gdp,longer_run,1.8,1.8,2.0,1.6,2.2,20210616_SEP_projections.txt
20210616,unemployment,2021,4.5,4.4,4.8,4.2,5.0,20210616_SEP_projections.txt
20210616,unemployment,2022,3.8,3.5,4.0,3.2,4.2,20210616_SEP_projections.txt
20210616,unemployment,2023,3.5,3.2,3.8,3.0,3.9,20210616_SEP_projections.txt
20210616,unemployment,longer_run,4.0,3.8,4.3,3.5,4.5,20210616_SEP_projections.txt
20210616,pce,2021,3.4,3.1,3.5,3.0,3.9,20210616_SEP_projections.txt
20210616,pce,2022,2.1,1.9,2.3,1.6,2.5,20210616_SEP_projections.txt
20210616,pce,2023,2.2,2.0,2.2,1.9,2.3,20210616_SEP_projections.txt
20210616,pce,longer_run,2.0,2.0,2.0,2.0,2.0,20210616_SEP_projections.txt
20210616,core_pce,2021,3.0,2.9,3.1,2.7,3.3,20210616_SEP_projections.txt
20210616,core_pce,2022,2.1,1.9,2.3,1.7,2.5,20210616_SEP_projections.txt
20210616,core_pce,2023,2.1,2.0,2.2,2.0,2.3,20210616_SEP_projections.txt
20210616,fed_funds,2021,0.1,0.1,0.1,0.1,0.1,20210616_SEP_projections.txt
20210616,fed_funds,2022,0.1,0.1,0.4,0.1,0.6,20210616_SEP_projections.txt
20210616,fed_funds,2023,0.6,0.1,1.1,0.1,1.6,20210616_SEP_projections.txt
20210616,fed_funds,longer_run,2.5,2.3,2.5,2.0,3.0,20210616_SEP_projections.txt
20210922,real_gdp,2021,5.9,5.8,6.0,5.5,6.3,20210922_SEP_projections.txt
20210922,real_gdp,2022,3.8,3.4,4.5,3.1,4.9,20210922_SEP_projections.txt
20210922,real_gdp,2023,2.5,2.2,2.5,1.8,3.0,20210922_SEP_projections.txt
20210922,real_gdp,2024,2.0,2.0,2.2,1.8,2.5,20210922_SEP_projections.txt
20210922,real_gdp,longer_run,1.8,1.8,2.0,1.6,2.2,20210922_SEP_projections.txt
20210922,unemployment,2021,4.8,4.6,4.8,4.5,5.1,20210922_SEP_projections.txt
20210922,unemployment,2022,3.8,3.6,4.0,3.0,4.0,20210922_SEP_projections.txt
20210922,unemployment,2023,3.5,3.3,3.7,2.8,4.0,20210922_SEP_projections.txt
20210922,unemployment,2024,3.5,3.3,3.6,3.0,4.0,20210922_SEP_projections.txt
20210922,unemployment,longer_run,4.0,3.8,4.3,3.5,4.5,20210922_SEP_projections.txt
20210922,pce,2021,4.2,4.0,4.3,3.4,4.4,20210922_SEP_projections.txt
20210922,pce,2022,2.2,2.0,2.5,1.7,3.0,20210922_SEP_projections.txt
20210922,pce,2023,2.2,2.0,2.3,1.9,2.4,20210922_SEP_projections.txt
20210922,pce,2024,2.1,2.0,2.2,2.0,2.3,20210922_SEP_projections.txt
20210922,pce,longer_run,2.0,2.0,2.0,2.0,2.0,20210922_SEP_projections.txt
20210922,core_pce,2021,3.7,3.6,3.8,3.5,4.2,20210922_SEP_projections.txt
20210922,core_pce,2022,2.3,2.0,2.5,1.9,2.8,20210922_SEP_projections.txt
20210922,core_pce,2023,2.2,2.0,2.3,2.0,2.3,20210922_SEP_projections.txt
20210922,core_pce,2024,2.1,2.0,2.2,2.0,2.4,20210922_SEP_projections.txt
20210922,fed_funds,2021,0.1,0.1,0.1,0.1,0.1,20210922_SEP_projections.txt
20210922,fed_funds,2022,0.3,0.1,0.4,0.1,0.6,20210922_SEP_projections.txt
20210922,fed_funds,2023,1.0,0.4,1.1,0.1,1.6,20210922_SEP_projections.txt
20210922,fed_funds,2024,1.8,0.9,2.1,0.6,2.6,20210922_SEP_projections.txt
20210922,fed_funds,longer_run,2.5,2.3,2.5,2.0,3.0,20210922_SEP_projections.txt
20211215,real_gdp,2021,5.5,5.5,5.5,5.3,5.8,20211215_SEP_projections.txt
20211215,real_gdp,2022,4.0,3.6,4.5,3.2,4.6,20211215_SEP_projections.txt
20211215,real_gdp,2023,2.2,2.0,2.5,1.8,2.8,20211215_SEP_projections.txt
20211215,real_gdp,2024,2.0,1.8,2.0,1.7,2.3,20211215_SEP_projections.txt
20211215,real_gdp,longer_run,1.8,1.8,2.0,1.6,2.2,20211215_SEP_projections.txt
20211215,unemployment,2021,4.3,4.2,4.3,4.0,4.4,20211215_SEP_projections.txt
20211215,unemployment,2022,3.5,3.4,3.7,3.0,4.0,20211215_SEP_projections.txt
20211215,unemployment,2023,3.5,3.2,3.6,2.8,4.0,20211215_SEP_projections.txt
20211215,unemployment,2024,3.5,3.2,3.7,3.1,4.0,20211215_SEP_projections.txt
20211215,unemployment,longer_run,4.0,3.8,4.2,3.5,4.3,20211215_SEP_projections.txt
20211215,pce,2021,5.3,5.3,5.4,5.3,5.5,20211215_SEP_projections.txt
20211215,pce,2022,2.6,2.2,3.0,2.0,3.2,20211215_SEP_projections.txt
20211215,pce,2023,2.3,2.1,2.5,2.0,2.5,20211215_SEP_projections.txt
20211215,pce,2024,2.1,2.0,2.2,2.0,2.2,20211215_SEP_projections.txt
20211215,pce,longer_run,2.0,2.0,2.0,2.0,2.0,20211215_SEP_projections.txt
20211215,core_pce,2021,4.4,4.4,4.4,4.4,4.5,20211215_SEP_projections.txt
20211215,core_pce,2022,2.7,2.5,3.0,2.4,3.2,20211215_SEP_projections.txt
20211215,core_pce,2023,2.3,2.1,2.4,2.0,2.5,20211215_SEP_projections.txt
20211215,core_pce,2024,2.1,2.0,2.2,2.0,2.3,20211215_SEP_projections.txt
20211215,fed_funds,2021,0.1,0.1,0.1,0.1,0.1,20211215_SEP_projections.txt
20211215,fed_funds,2022,0.9,0.6,0.9,0.4,1.1,20211215_SEP_projections.txt
20211215,fed_funds,2023,1.6,1.4,1.9,1.1,2.1,20211215_SEP_projections.txt
20211215,fed_funds,2024,2.1,1.9,2.9,1.9,3.1,20211215_SEP_projections.txt
20211215,fed_funds,longer_run,2.5,2.3,2.5,2.0,3.0,20211215_SEP_projections.txt
20220316,real_gdp,2022,2.8,2.5,3.0,2.1,3.3,20220316_SEP_projections.txt
20220316,real_gdp,2023,2.2,2.1,2.5,2.0,2.9,20220316_SEP_projections.txt
20220316,real_gdp,2024,2.0,1.8,2.0,1.5,2.5,20220316_SEP_projections.txt
20220316,real_gdp,longer_run,1.8,1.8,2.0,1.6,2.2,20220316_SEP_projections.txt
20220316,unemployment,2022,3.5,3.4,3.6,3.1,4.0,20220316_SEP_projections.txt
20220316,unemployment,2023,3.5,3.3,3.6,3.1,4.0,20220316_SEP_projections.txt
20220316,unemployment,2024,3.6,3.2,3.7,3.1,4.0,20220316_SEP_projections.txt
20220316,unemployment,longer_run,4.0,3.5,4.2,3.5,4.3,20220316_SEP_projections.txt
20220316,pce,2022,4.3,4.1,4.7,3.7,5.5,20220316_SEP_projections.txt
20220316,pce,2023,2.7,2.3,3.0,2.2,3.5,20220316_SEP_projections.txt
20220316,pce,2024,2.3,2.1,2.4,2.0,3.0,20220316_SEP_projections.txt
20220316,pce,longer_run,2.0,2.0,2.0,2.0,2.0,20220316_SEP_projections.txt
20220316,core_pce,2022,4.1,3.9,4.4,3.6,4.5,20220316_SEP_projections.txt
20220316,core_pce,2023,2.6,2.4,3.0,2.1,3.5,20220316_SEP_projections.txt
20220316,core_pce,2024,2.3,2.1,2.4,2.0,3.0,20220316_SEP_projections.txt
20220316,fed_funds,2022,1.9,1.6,2.4,1.4,3.1,20220316_SEP_projections.txt
20220316,fed_funds,2023,2.8,2.4,3.1,2.1,3.6,20220316_SEP_projections.txt
20220316,fed_funds,2024,2.8,2.4,3.4,2.1,3.6,20220316_SEP_projections.txt
20220316,fed_funds,longer_run,2.4,2.3,2.5,2.0,3.0,20220316_SEP_projections.txt
20220615,real_gdp,2022,1.7,1.5,1.9,1.0,2.0,20220615_SEP_projections.txt
20220615,real_gdp,2023,1.7,1.3,2.0,0.8,2.5,20220615_SEP_projections.txt
20220615,real_gdp,2024,1.9,1.5,2.0,1.0,2.2,20220615_SEP_projections.txt
20220615,real_gdp,longer_run,1.8,1.8,2.0,1.6,2.2,20220615_SEP_projections.txt
20220615,unemployment,2022,3.7,3.6,3.8,3.2,4.0,20220615_SEP_projections.txt
20220615,unemployment,2023,3.9,3.8,4.1,3.2,4.5,20220615_SEP_projections.txt
20220615,unemployment,2024,4.1,3.9,4.1,3.2,4.3,20220615_SEP_projections.txt
20220615,unemployment,longer_run,4.0,3.5,4.2,3.5,4.3,20220615_SEP_projections.txt
20220615,pce,2022,5.2,5.0,5.3,4.8,6.2,20220615_SEP_projections.txt
20220615,pce,2023,2.6,2.4,3.0,2.3,4.0,20220615_SEP_projections.txt
20220615,pce,2024,2.2,2.0,2.5,2.0,3.0,20220615_SEP_projections.txt
20220615,pce,longer_run,2.0,2.0,2.0,2.0,2.0,20220615_SEP_projections.txt
20220615,core_pce,2022,4.3,4.2,4.5,4.1,5.0,20220615_SEP_projections.txt
20220615,core_pce,2023,2.7,2.5,3.2,2.5,3.5,20220615_SEP_projections.txt
20220615,core_pce,2024,2.3,2.1,2.5,2.0,2.8,20220615_SEP_projections.txt
20220615,fed_funds,2022,3.4,3.1,3.6,3.1,3.9,20220615_SEP_projections.txt
20220615,fed_funds,2023,3.8,3.6,4.1,2.9,4.4,20220615_SEP_projections.txt
20220615,fed_funds,2024,3.4,2.9,3.6,2.1,4.1,20220615_SEP_projections.txt
20220615,fed_funds,longer_run,2.5,2.3,2.5,2.0,3.0,20220615_SEP_projections.txt
20220921,real_gdp,2022,0.2,0.1,0.3,0.0,0.5,20220921_SEP_projections.txt
20220921,real_gdp,2023,1.2,0.5,1.5,-0.3,1.9,20220921_SEP_projections.txt
20220921,real_gdp,2024,1.7,1.4,2.0,1.0,2.6,20220921_SEP_projections.txt
20220921,real_gdp,2025,1.8,1.6,2.0,1.4,2.4,20220921_SEP_projections.txt
20220921,real_gdp,longer_run,1.8,1.7,2.0,1.6,2.2,20220921_SEP_projections.txt
20220921,unemployment,2022,3.8,3.8,3.9,3.7,4.0,20220921_SEP_projections.txt
20220921,unemployment,2023,4.4,4.1,4.5,3.7,5.0,20220921_SEP_projections.txt
20220921,unemployment,2024,4.4,4.0,4.6,3.7,4.7,20220921_SEP_projections.txt
20220921,unemployment,2025,4.3,4.0,4.5,3.7,4.6,20220921_SEP_projections.txt
20220921,unemployment,longer_run,4.0,3.8,4.3,3.5,4.5,20220921_SEP_projections.txt
20220921,pce,2022,5.4,5.3,5.7,5.0,6.2,20220921_SEP_projections.txt
20220921,pce,2023,2.8,2.6,3.5,2.4,4.1,20220921_SEP_projections.txt
20220921,pce,2024,2.3,2.1,2.6,2.0,3.0,20220921_SEP_projections.txt
20220921,pce,2025,2.0,2.0,2.2,2.0,2.5,20220921_SEP_projections.txt
20220921,pce,longer_run,2.0,2.0,2.0,2.0,2.0,20220921_SEP_projections.txt
20220921,core_pce,2022,4.5,4.4,4.6,4.3,4.8,20220921_SEP_projections.txt
20220921,core_pce,2023,3.1,3.0,3.4,2.8,3.5,20220921_SEP_projections.txt
20220921,core_pce,2024,2.3,2.2,2.5,2.0,2.8,20220921_SEP_projections.txt
20220921,core_pce,2025,2.1,2.0,2.2,2.0,2.5,20220921_SEP_projections.txt
20220921,fed_funds,2022,4.4,4.1,4.4,3.9,4.6,20220921_SEP_projections.txt
20220921,fed_funds,2023,4.6,4.4,4.9,3.9,4.9,20220921_SEP_projections.txt
20220921,fed_funds,2024,3.9,3.4,4.4,2.6,4.6,20220921_SEP_projections.txt
20220921,fed_funds,2025,2.9,2.4,3.4,2.4,4.6,20220921_SEP_projections.txt
20220921,fed_funds,longer_run,2.5,2.3,2.5,2.3,3.0,20220921_SEP_projections.txt
20221214,real_gdp,2022,0.5,0.4,0.5,0.2,0.5,20221214_SEP_projections.txt
20221214,real_gdp,2023,0.5,0.4,1.0,-0.5,1.0,20221214_SEP_projections.txt
20221214,real_gdp,2024,1.6,1.3,2.0,0.5,2.4,20221214_SEP_projections.txt
20221214,real_gdp,2025,1.8,1.6,2.0,1.4,2.3,20221214_SEP_projections.txt
20221214,real_gdp,longer_run,1.8,1.7,2.0,1.6,2.5,20221214_SEP_projections.txt
20221214,unemployment,2022,3.7,3.7,3.7,3.7,3.9,20221214_SEP_projections.txt
20221214,unemployment,2023,4.6,4.4,4.7,4.0,5.3,20221214_SEP_projections.txt
20221214,unemployment,2024,4.6,4.3,4.8,4.0,5.0,20221214_SEP_projections.txt
20221214,unemployment,2025,4.5,4.0,4.7,3.8,4.8,20221214_SEP_projections.txt
20221214,unemployment,longer_run,4.0,3.8,4.3,3.5,4.8,20221214_SEP_projections.txt
20221214,pce,2022,5.6,5.6,5.8,5.5,5.9,20221214_SEP_projections.txt
20221214,pce,2023,3.1,2.9,3.5,2.6,4.1,20221214_SEP_projections.txt
20221214,pce,2024,2.5,2.3,2.7,2.2,3.5,20221214_SEP_projections.txt
20221214,pce,2025,2.1,2.0,2.2,2.0,3.0,20221214_SEP_projections.txt
20221214,pce,longer_run,2.0,2.0,2.0,2.0,2.0,20221214_SEP_projections.txt
20221214,core_pce,2022,4.8,4.7,4.8,4.6,5.0,20221214_SEP_projections.txt
20221214,core_pce,2023,3.5,3.2,3.7,3.0,3.8,20221214_SEP_projections.txt
20221214,core_pce,2024,2.5,2.3,2.7,2.2,3.0,20221214_SEP_projections.txt
20221214,core_pce,2025,2.1,2.0,2.2,2.0,3.0,20221214_SEP_projections.txt
20221214,fed_funds,2022,4.4,4.4,4.4,4.4,4.4,20221214_SEP_projections.txt
20221214,fed_funds,2023,5.1,5.1,5.4,4.9,5.6,20221214_SEP_projections.txt
20221214,fed_funds,2024,4.1,3.9,4.9,3.1,5.6,20221214_SEP_projections.txt
20221214,fed_funds,2025,3.1,2.6,3.9,2.4,5.6,20221214_SEP_projections.txt
20221214,fed_funds,longer_run,2.5,2.3,2.5,2.3,3.3,20221214_SEP_projections.txt
20230322,real_gdp,2023,0.4,0.0,0.8,-0.2,1.3,20230322_SEP_projections.txt
20230322,real_gdp,2024,1.2,1.0,1.5,0.3,2.0,20230322_SEP_projections.txt
20230322,real_gdp,2025,1.9,1.7,2.1,1.5,2.2,20230322_SEP_projections.txt
20230322,real_gdp,longer_run,1.8,1.7,2.0,1.6,2.5,20230322_SEP_projections.txt
20230322,unemployment,2023,4.5,4.0,4.7,3.9,4.8,20230322_SEP_projections.txt
20230322,unemployment,2024,4.6,4.3,4.9,4.0,5.2,20230322_SEP_projections.txt
20230322,unemployment,2025,4.6,4.3,4.8,3.8,4.9,20230322_SEP_projections.txt
20230322,unemployment,longer_run,4.0,3.8,4.3,3.5,4.7,20230322_SEP_projections.txt
20230322,pce,2023,3.3,3.0,3.8,2.8,4.1,20230322_SEP_projections.txt
20230322,pce,2024,2.5,2.2,2.8,2.0,3.5,20230322_SEP_projections.txt
20230322,pce,2025,2.1,2.0,2.2,2.0,3.0,20230322_SEP_projections.txt
20230322,pce,longer_run,2.0,2.0,2.0,2.0,2.0,20230322_SEP_projections.txt
20230322,core_pce,2023,3.6,3.5,3.9,3.5,4.1,20230322_SEP_projections.txt
20230322,core_pce,2024,2.6,2.3,2.8,2.1,3.1,20230322_SEP_projections.txt
20230322,core_pce,2025,2.1,2.0,2.2,2.0,3.0,20230322_SEP_projections.txt
20230322,fed_funds,2023,5.1,5.1,5.6,4.9,5.9,20230322_SEP_projections.txt
20230322,fed_funds,2024,4.3,3.9,5.1,3.4,5.6,20230322_SEP_projections.txt
20230322,fed_funds,2025,3.1,2.9,3.9,2.4,5.6,20230322_SEP_projections.txt
20230322,fed_funds,longer_run,2.5,2.4,2.6,2.3,3.6,20230322_SEP_projections.txt
20230614,real_gdp,2023,1.0,0.7,1.2,0.5,2.0,20230614_SEP_projections.txt
20230614,real_gdp,2024,1.1,0.9,1.5,0.5,2.2,20230614_SEP_projections.txt
20230614,real_gdp,2025,1.8,1.6,2.0,1.5,2.2,20230614_SEP_projections.txt
20230614,real_gdp,longer_run,1.8,1.7,2.0,1.6,2.5,20230614_SEP_projections.txt
20230614,unemployment,2023,4.1,4.0,4.3,3.9,4.5,20230614_SEP_projections.txt
20230614,unemployment,2024,4.5,4.3,4.6,4.0,5.0,20230614_SEP_projections.txt
20230614,unemployment,2025,4.5,4.3,4.6,3.8,4.9,20230614_SEP_projections.txt
20230614,unemployment,longer_run,4.0,3.8,4.3,3.5,4.4,20230614_SEP_projections.txt
20230614,pce,2023,3.2,3.0,3.5,2.9,4.1,20230614_SEP_projections.txt
20230614,pce,2024,2.5,2.3,2.8,2.1,3.5,20230614_SEP_projections.txt
20230614,pce,2025,2.1,2.0,2.4,2.0,3.0,20230614_SEP_projections.txt
20230614,pce,longer_run,2.0,2.0,2.0,2.0,2.0,20230614_SEP_projections.txt
20230614,core_pce,2023,3.9,3.7,4.2,3.6,4.5,20230614_SEP_projections.txt
20230614,core_pce,2024,2.6,2.5,3.1,2.2,3.6,20230614_SEP_projections.txt
20230614,core_pce,2025,2.2,2.0,2.4,2.0,3.0,20230614_SEP_projections.txt
20230614,fed_funds,2023,5.6,5.4,5.6,5.1,6.1,20230614_SEP_projections.txt
20230614,fed_funds,2024,4.6,4.4,5.1,3.6,5.9,20230614_SEP_projections.txt
20230614,fed_funds,2025,3.4,2.9,4.1,2.4,5.6,20230614_SEP_projections.txt
20230614,fed_funds,longer_run,2.5,2.5,2.8,2.4,3.6,20230614_SEP_projections.txt
20230920,real_gdp,2023,2.1,1.9,2.2,1.8,2.6,20230920_SEP_projections.txt
20230920,real_gdp,2024,1.5,1.2,1.8,0.4,2.5,20230920_SEP_projections.txt
20230920,real_gdp,2025,1.8,1.6,2.0,1.4,2.5,20230920_SEP_projections.txt
20230920,real_gdp,2026,1.8,1.7,2.0,1.6,2.5,20230920_SEP_projections.txt
20230920,real_gdp,longer_run,1.8,1.7,2.0,1.6,2.5,20230920_SEP_projections.txt
20230920,unemployment,2023,3.8,3.7,3.9,3.7,4.0,20230920_SEP_projections.txt
20230920,unemployment,2024,4.1,3.9,4.4,3.7,4.5,20230920_SEP_projections.txt
20230920,unemployment,2025,4.1,3.9,4.3,3.7,4.7,20230920_SEP_projections.txt
20230920,unemployment,2026,4.0,3.8,4.3,3.7,4.5,20230920_SEP_projections.txt
20230920,unemployment,longer_run,4.0,3.8,4.3,3.5,4.3,20230920_SEP_projections.txt
20230920,pce,2023,3.3,3.2,3.4,3.1,3.8,20230920_SEP_projections.txt
20230920,pce,2024,2.5,2.3,2.7,2.1,3.5,20230920_SEP_projections.txt
20230920,pce,2025,2.2,2.0,2.3,2.0,2.9,20230920_SEP_projections.txt
20230920,pce,2026,2.0,2.0,2.2,2.0,2.7,20230920_SEP_projections.txt
20230920,pce,longer_run,2.0,2.0,2.0,2.0,2.0,20230920_SEP_projections.txt
20230920,core_pce,2023,3.7,3.6,3.9,3.5,4.2,20230920_SEP_projections.txt
20230920,core_pce,2024,2.6,2.5,2.8,2.3,3.6,20230920_SEP_projections.txt
20230920,core_pce,2025,2.3,2.0,2.4,2.0,3.0,20230920_SEP_projections.txt
20230920,core_pce,2026,2.0,2.0,2.3,2.0,2.9,20230920_SEP_projections.txt
20230920,fed_funds,2023,5.6,5.4,5.6,5.4,5.6,20230920_SEP_projections.txt
20230920,fed_funds,2024,5.1,4.6,5.4,4.4,6.1,20230920_SEP_projections.txt
20230920,fed_funds,2025,3.9,3.4,4.9,2.6,5.6,20230920_SEP_projections.txt
20230920,fed_funds,2026,2.9,2.5,4.1,2.4,4.9,20230920_SEP_projections.txt
20230920,fed_funds,longer_run,2.5,2.5,3.3,2.4,3.8,20230920_SEP_projections.txt
20231213,real_gdp,2023,2.6,2.5,2.7,2.5,2.7,20231213_SEP_projections.txt
20231213,real_gdp,2024,1.4,1.2,1.7,0.8,2.5,20231213_SEP_projections.txt
20231213,real_gdp,2025,1.8,1.5,2.0,1.4,2.5,20231213_SEP_projections.txt
20231213,real_gdp,2026,1.9,1.8,2.0,1.6,2.5,20231213_SEP_projections.txt
20231213,real_gdp,longer_run,1.8,1.7,2.0,1.6,2.5,20231213_SEP_projections.txt
20231213,unemployment,2023,3.8,3.8,3.8,3.7,4.0,20231213_SEP_projections.txt
20231213,unemployment,2024,4.1,4.0,4.2,3.9,4.5,20231213_SEP_projections.txt
20231213,unemployment,2025,4.1,4.0,4.2,3.8,4.7,20231213_SEP_projections.txt
20231213,unemployment,2026,4.1,3.9,4.3,3.8,4.7,20231213_SEP_projections.txt
20231213,unemployment,longer_run,4.1,3.8,4.3,3.5,4.3,20231213_SEP_projections.txt
20231213,pce,2023,2.8,2.7,2.9,2.7,3.2,20231213_SEP_projections.txt
20231213,pce,2024,2.4,2.2,2.5,2.1,2.7,20231213_SEP_projections.txt
20231213,pce,2025,2.1,2.0,2.2,2.0,2.5,20231213_SEP_projections.txt
20231213,pce,2026,2.0,2.0,2.0,2.0,2.3,20231213_SEP_projections.txt
20231213,pce,longer_run,2.0,2.0,2.0,2.0,2.0,20231213_SEP_projections.txt
20231213,core_pce,2023,3.2,3.2,3.3,3.2,3.7,20231213_SEP_projections.txt
20231213,core_pce,2024,2.4,2.4,2.7,2.3,3.0,20231213_SEP_projections.txt
20231213,core_pce,2025,2.2,2.0,2.2,2.0,2.6,20231213_SEP_projections.txt
20231213,core_pce,2026,2.0,2.0,2.1,2.0,2.3,20231213_SEP_projections.txt
20231213,fed_funds,2023,5.4,5.4,5.4,5.4,5.4,20231213_SEP_projections.txt
20231213,fed_funds,2024,4.6,4.4,4.9,3.9,5.4,20231213_SEP_projections.txt
20231213,fed_funds,2025,3.6,3.1,3.9,2.4,5.4,20231213_SEP_projections.txt
20231213,fed_funds,2026,2.9,2.5,3.1,2.4,4.9,20231213_SEP_projections.txt
20231213,fed_funds,longer_run,2.5,2.5,3.0,2.4,3.8,20231213_SEP_projections.txt
20240320,real_gdp,2024,2.1,2.0,2.4,1.3,2.7,20240320_SEP_projections.txt
20240320,real_gdp,2025,2.0,1.9,2.3,1.7,2.5,20240320_SEP_projections.txt
20240320,real_gdp,2026,2.0,1.8,2.1,1.7,2.5,20240320_SEP_projections.txt
20240320,real_gdp,longer_run,1.8,1.7,2.0,1.6,2.5,20240320_SEP_projections.txt
20240320,unemployment,2024,4.0,3.9,4.1,3.8,4.5,20240320_SEP_projections.txt
20240320,unemployment,2025,4.1,3.9,4.2,3.7,4.3,20240320_SEP_projections.txt
20240320,unemployment,2026,4.0,3.9,4.3,3.7,4.3,20240320_SEP_projections.txt
20240320,unemployment,longer_run,4.1,3.8,4.3,3.5,4.3,20240320_SEP_projections.txt
20240320,pce,2024,2.4,2.3,2.7,2.2,2.9,20240320_SEP_projections.txt
20240320,pce,2025,2.2,2.1,2.2,2.0,2.5,20240320_SEP_projections.txt
20240320,pce,2026,2.0,2.0,2.1,2.0,2.3,20240320_SEP_projections.txt
20240320,pce,longer_run,2.0,2.0,2.0,2.0,2.0,20240320_SEP_projections.txt
20240320,core_pce,2024,2.6,2.5,2.8,2.4,3.0,20240320_SEP_projections.txt
20240320,core_pce,2025,2.2,2.1,2.3,2.0,2.6,20240320_SEP_projections.txt
20240320,core_pce,2026,2.0,2.0,2.1,2.0,2.3,20240320_SEP_projections.txt
20240320,fed_funds,2024,4.6,4.6,5.1,4.4,5.4,20240320_SEP_projections.txt
20240320,fed_funds,2025,3.9,3.4,4.1,2.6,5.4,20240320_SEP_projections.txt
20240320,fed_funds,2026,3.1,2.6,3.4,2.4,4.9,20240320_SEP_projections.txt
20240320,fed_funds,longer_run,2.6,2.5,3.1,2.4,3.8,20240320_SEP_projections.txt
20240612,real_gdp,2024,2.1,1.9,2.3,1.4,2.7,20240612_SEP_projections.txt
20240612,real_gdp,2025,2.0,1.8,2.2,1.5,2.5,20240612_SEP_projections.txt
20240612,real_gdp,2026,2.0,1.8,2.1,1.7,2.5,20240612_SEP_projections.txt
20240612,real_gdp,longer_run,1.8,1.7,2.0,1.6,2.5,20240612_SEP_projections.txt
20240612,unemployment,2024,4.0,4.0,4.1,3.8,4.4,20240612_SEP_projections.txt
20240612,unemployment,2025,4.2,3.9,4.2,3.8,4.3,20240612_SEP_projections.txt
20240612,unemployment,2026,4.1,3.9,4.3,3.8,4.3,20240612_SEP_projections.txt
20240612,unemployment,longer_run,4.2,3.9,4.3,3.5,4.5,20240612_SEP_projections.txt
20240612,pce,2024,2.6,2.5,2.9,2.5,3.0,20240612_SEP_projections.txt
20240612,pce,2025,2.3,2.2,2.4,2.2,2.5,20240612_SEP_projections.txt
20240612,pce,2026,2.0,2.0,2.1,2.0,2.3,20240612_SEP_projections.txt
20240612,pce,longer_run,2.0,2.0,2.0,2.0,2.0,20240612_SEP_projections.txt
20240612,core_pce,2024,2.8,2.8,3.0,2.7,3.2,20240612_SEP_projections.txt
20240612,core_pce,2025,2.3,2.3,2.4,2.2,2.6,20240612_SEP_projections.txt
20240612,core_pce,2026,2.0,2.0,2.1,2.0,2.3,20240612_SEP_projections.txt
20240612,fed_funds,2024,5.1,4.9,5.4,4.9,5.4,20240612_SEP_projections.txt
20240612,fed_funds,2025,4.1,3.9,4.4,2.9,5.4,20240612_SEP_projections.txt
20240612,fed_funds,2026,3.1,2.9,3.6,2.4,4.9,20240612_SEP_projections.txt
20240612,fed_funds,longer_run,2.8,2.5,3.5,2.4,3.8,20240612_SEP_projections.txt
20240918,real_gdp,2024,2.0,1.9,2.1,1.8,2.6,20240918_SEP_projections.txt
20240918,real_gdp,2025,2.0,1.8,2.2,1.3,2.5,20240918_SEP_projections.txt
20240918,real_gdp,2026,2.0,1.9,2.3,1.7,2.5,20240918_SEP_projections.txt
20240918,real_gdp,2027,2.0,1.8,2.1,1.7,2.5,20240918_SEP_projections.txt
20240918,real_gdp,longer_run,1.8,1.7,2.0,1.7,2.5,20240918_SEP_projections.txt
20240918,unemployment,2024,4.4,4.3,4.4,4.2,4.5,20240918_SEP_projections.txt
20240918,unemployment,2025,4.4,4.2,4.5,4.2,4.7,20240918_SEP_projections.txt
20240918,unemployment,2026,4.3,4.0,4.4,3.9,4.5,20240918_SEP_projections.txt
20240918,unemployment,2027,4.2,4.0,4.4,3.8,4.5,20240918_SEP_projections.txt
20240918,unemployment,longer_run,4.2,3.9,4.3,3.5,4.5,20240918_SEP_projections.txt
20240918,pce,2024,2.3,2.2,2.4,2.1,2.7,20240918_SEP_projections.txt
20240918,pce,2025,2.1,2.1,2.2,2.1,2.4,20240918_SEP_projections.txt
20240918,pce,2026,2.0,2.0,2.0,2.0,2.2,20240918_SEP_projections.txt
20240918,pce,2027,2.0,2.0,2.0,2.0,2.1,20240918_SEP_projections.txt
20240918,pce,longer_run,2.0,2.0,2.0,2.0,2.0,20240918_SEP_projections.txt
20240918,core_pce,2024,2.6,2.6,2.7,2.4,2.9,20240918_SEP_projections.txt
20240918,core_pce,2025,2.2,2.1,2.3,2.1,2.5,20240918_SEP_projections.txt
20240918,core_pce,2026,2.0,2.0,2.0,2.0,2.2,20240918_SEP_projections.txt
20240918,core_pce,2027,2.0,2.0,2.0,2.0,2.2,20240918_SEP_projections.txt
20240918,fed_funds,2024,4.4,4.4,4.6,4.1,4.9,20240918_SEP_projections.txt
20240918,fed_funds,2025,3.4,3.1,3.6,2.9,4.1,20240918_SEP_projections.txt
20240918,fed_funds,2026,2.9,2.6,3.6,2.4,3.9,20240918_SEP_projections.txt
20240918,fed_funds,2027,2.9,2.6,3.6,2.4,3.9,20240918_SEP_projections.txt
20240918,fed_funds,longer_run,2.9,2.5,3.5,2.4,3.8,20240918_SEP_projections.txt
20241218,real_gdp,2024,2.5,2.4,2.5,2.3,2.7,20241218_SEP_projections.txt
20241218,real_gdp,2025,2.1,1.8,2.2,1.6,2.5,20241218_SEP_projections.txt
20241218,real_gdp,2026,2.0,1.9,2.1,1.4,2.5,20241218_SEP_projections.txt
20241218,real_gdp,2027,1.9,1.8,2.0,1.5,2.5,20241218_SEP_projections.txt
20241218,real_gdp,longer_run,1.8,1.7,2.0,1.7,2.5,20241218_SEP_projections.txt
20241218,unemployment,2024,4.2,4.2,4.2,4.2,4.2,20241218_SEP_projections.txt
20241218,unemployment,2025,4.3,4.2,4.5,4.2,4.5,20241218_SEP_projections.txt
20241218,unemployment,2026,4.3,4.1,4.4,3.9,4.6,20241218_SEP_projections.txt
20241218,unemployment,2027,4.3,4.0,4.4,3.8,4.5,20241218_SEP_projections.txt
20241218,unemployment,longer_run,4.2,3.9,4.3,3.5,4.5,20241218_SEP_projections.txt
20241218,pce,2024,2.4,2.4,2.5,2.4,2.7,20241218_SEP_projections.txt
20241218,pce,2025,2.5,2.3,2.6,2.1,2.9,20241218_SEP_projections.txt
20241218,pce,2026,2.1,2.0,2.2,2.0,2.6,20241218_SEP_projections.txt
20241218,pce,2027,2.0,2.0,2.0,2.0,2.4,20241218_SEP_projections.txt
20241218,pce,longer_run,2.0,2.0,2.0,2.0,2.0,20241218_SEP_projections.txt
20241218,core_pce,2024,2.8,2.8,2.9,2.8,2.9,20241218_SEP_projections.txt
20241218,core_pce,2025,2.5,2.5,2.7,2.1,3.2,20241218_SEP_projections.txt
20241218,core_pce,2026,2.2,2.0,2.3,2.0,2.7,20241218_SEP_projections.txt
20241218,core_pce,2027,2.0,2.0,2.0,2.0,2.6,20241218_SEP_projections.txt
20241218,fed_funds,2024,4.4,4.4,4.6,4.4,4.6,20241218_SEP_projections.txt
20241218,fed_funds,2025,3.9,3.6,4.1,3.1,4.4,20241218_SEP_projections.txt
20241218,fed_funds,2026,3.4,3.1,3.6,2.4,3.9,20241218_SEP_projections.txt
20241218,fed_funds,2027,3.1,2.9,3.6,2.4,3.9,20241218_SEP_projections.txt
20241218,fed_funds,longer_run,3.0,2.8,3.6,2.4,3.9,20241218_SEP_projections.txt
20250319,real_gdp,2025,1.7,1.5,1.9,1.0,2.4,20250319_SEP_projections.txt
20250319,real_gdp,2026,1.8,1.6,1.9,0.6,2.5,20250319_SEP_projections.txt
20250319,real_gdp,2027,1.8,1.6,2.0,0.6,2.5,20250319_SEP_projections.txt
20250319,real_gdp,longer_run,1.8,1.7,2.0,1.5,2.5,20250319_SEP_projections.txt
20250319,unemployment,2025,4.4,4.3,4.4,4.1,4.6,20250319_SEP_projections.txt
20250319,unemployment,2026,4.3,4.2,4.5,4.1,4.7,20250319_SEP_projections.txt
20250319,unemployment,2027,4.3,4.1,4.4,3.9,4.7,20250319_SEP_projections.txt
20250319,unemployment,longer_run,4.2,3.9,4.3,3.5,4.5,20250319_SEP_projections.txt
20250319,pce,2025,2.7,2.6,2.9,2.5,3.4,20250319_SEP_projections.txt
20250319,pce,2026,2.2,2.1,2.3,2.0,3.1,20250319_SEP_projections.txt
20250319,pce,2027,2.0,2.0,2.1,1.9,2.8,20250319_SEP_projections.txt
20250319,pce,longer_run,2.0,2.0,2.0,2.0,2.0,20250319_SEP_projections.txt
20250319,core_pce,2025,2.8,2.7,3.0,2.5,3.5,20250319_SEP_projections.txt
20250319,core_pce,2026,2.2,2.1,2.4,2.1,3.2,20250319_SEP_projections.txt
20250319,core_pce,2027,2.0,2.0,2.1,2.0,2.9,20250319_SEP_projections.txt
20250319,fed_funds,2025,3.9,3.9,4.4,3.6,4.4,20250319_SEP_projections.txt
20250319,fed_funds,2026,3.4,3.1,3.9,2.9,4.1,20250319_SEP_projections.txt
20250319,fed_funds,2027,3.1,2.9,3.6,2.6,3.9,20250319_SEP_projections.txt
20250319,fed_funds,longer_run,3.0,2.6,3.6,2.5,3.9,20250319_SEP_projections.txt
20250618,real_gdp,2025,1.4,1.2,1.5,1.1,2.1,20250618_SEP_projections.txt
20250618,real_gdp,2026,1.6,1.5,1.8,0.6,2.5,20250618_SEP_projections.txt
20250618,real_gdp,2027,1.8,1.7,2.0,0.6,2.5,20250618_SEP_projections.txt
20250618,real_gdp,longer_run,1.8,1.7,2.0,1.5,2.5,20250618_SEP_projections.txt
20250618,unemployment,2025,4.5,4.4,4.5,4.3,4.6,20250618_SEP_projections.txt
20250618,unemployment,2026,4.5,4.3,4.6,4.3,4.7,20250618_SEP_projections.txt
20250618,unemployment,2027,4.4,4.2,4.6,4.0,4.7,20250618_SEP_projections.txt
20250618,unemployment,longer_run,4.2,4.0,4.3,3.5,4.5,20250618_SEP_projections.txt
20250618,pce,2025,3.0,2.8,3.2,2.5,3.3,20250618_SEP_projections.txt
20250618,pce,2026,2.4,2.3,2.6,2.1,3.1,20250618_SEP_projections.txt
20250618,pce,2027,2.1,2.0,2.2,2.0,2.8,20250618_SEP_projections.txt
20250618,pce,longer_run,2.0,2.0,2.0,2.0,2.0,20250618_SEP_projections.txt
20250618,core_pce,2025,3.1,2.9,3.4,2.5,3.5,20250618_SEP_projections.txt
20250618,core_pce,2026,2.4,2.3,2.7,2.1,3.2,20250618_SEP_projections.txt
20250618,core_pce,2027,2.1,2.0,2.2,2.0,2.9,20250618_SEP_projections.txt
20250618,fed_funds,2025,3.9,3.9,4.4,3.6,4.4,20250618_SEP_projections.txt
20250618,fed_funds,2026,3.6,3.1,3.9,2.6,4.1,20250618_SEP_projections.txt
20250618,fed_funds,2027,3.4,2.9,3.6,2.6,3.9,20250618_SEP_projections.txt
20250618,fed_funds,longer_run,3.0,2.6,3.6,2.5,3.9,20250618_SEP_projections.txt
20250917,real_gdp,2025,1.6,1.4,1.7,1.3,2.0,20250917_SEP_projections.txt
20250917,real_gdp,2026,1.8,1.7,2.1,1.5,2.6,20250917_SEP_projections.txt
20250917,real_gdp,2027,1.9,1.8,2.0,1.7,2.7,20250917_SEP_projections.txt
20250917,real_gdp,2028,1.8,1.7,2.0,1.6,2.6,20250917_SEP_projections.txt
20250917,real_gdp,longer_run,1.8,1.7,2.0,1.7,2.5,20250917_SEP_projections.txt
20250917,unemployment,2025,4.5,4.4,4.5,4.2,4.6,20250917_SEP_projections.txt
20250917,unemployment,2026,4.4,4.4,4.5,4.0,4.6,20250917_SEP_projections.txt
20250917,unemployment,2027,4.3,4.2,4.4,4.0,4.5,20250917_SEP_projections.txt
20250917,unemployment,2028,4.2,4.0,4.3,4.0,4.5,20250917_SEP_projections.txt
20250917,unemployment,longer_run,4.2,4.0,4.3,3.8,4.5,20250917_SEP_projections.txt
20250917,pce,2025,3.0,2.9,3.0,2.5,3.2,20250917_SEP_projections.txt
20250917,pce,2026,2.6,2.4,2.7,2.2,2.8,20250917_SEP_projections.txt
20250917,pce,2027,2.1,2.0,2.2,2.0,2.4,20250917_SEP_projections.txt
20250917,pce,2028,2.0,2.0,2.0,2.0,2.0,20250917_SEP_projections.txt
20250917,pce,longer_run,2.0,2.0,2.0,2.0,2.0,20250917_SEP_projections.txt
20250917,core_pce,2025,3.1,3.0,3.2,2.7,3.4,20250917_SEP_projections.txt
20250917,core_pce,2026,2.6,2.5,2.7,2.2,2.9,20250917_SEP_projections.txt
20250917,core_pce,2027,2.1,2.0,2.2,2.0,2.4,20250917_SEP_projections.txt
20250917,core_pce,2028,2.0,2.0,2.0,2.0,2.2,20250917_SEP_projections.txt
20250917,fed_funds,2025,3.6,3.6,4.1,2.9,4.4,20250917_SEP_projections.txt
20250917,fed_funds,2026,3.4,2.9,3.6,2.6,3.9,20250917_SEP_projections.txt
20250917,fed_funds,2027,3.1,2.9,3.6,2.4,3.9,20250917_SEP_projections.txt
20250917,fed_funds,2028,3.1,2.8,3.6,2.6,3.9,20250917_SEP_projections.txt
20250917,fed_funds,longer_run,3.0,2.8,3.5,2.6,3.9,20250917_SEP_projections.txt
20251210,real_gdp,2025,1.7,1.6,1.8,1.5,2.0,20251210_SEP_projections.txt
20251210,real_gdp,2026,2.3,2.1,2.5,2.0,2.6,20251210_SEP_projections.txt
20251210,real_gdp,2027,2.0,1.9,2.3,1.8,2.6,20251210_SEP_projections.txt
20251210,real_gdp,2028,1.9,1.8,2.1,1.7,2.6,20251210_SEP_projections.txt
20251210,real_gdp,longer_run,1.8,1.8,2.0,1.7,2.5,20251210_SEP_projections.txt
20251210,unemployment,2025,4.5,4.5,4.6,4.4,4.6,20251210_SEP_projections.txt
20251210,unemployment,2026,4.4,4.3,4.4,4.2,4.6,20251210_SEP_projections.txt
20251210,unemployment,2027,4.2,4.2,4.3,4.0,4.5,20251210_SEP_projections.txt
20251210,unemployment,2028,4.2,4.0,4.3,4.0,4.5,20251210_SEP_projections.txt
20251210,unemployment,longer_run,4.2,4.0,4.3,3.8,4.5,20251210_SEP_projections.txt
20251210,pce,2025,2.9,2.8,2.9,2.7,2.9,20251210_SEP_projections.txt
20251210,pce,2026,2.4,2.3,2.5,2.2,2.7,20251210_SEP_projections.txt
20251210,pce,2027,2.1,2.0,2.2,2.0,2.3,20251210_SEP_projections.txt
20251210,pce,2028,2.0,2.0,2.0,2.0,2.0,20251210_SEP_projections.txt
20251210,pce,longer_run,2.0,2.0,2.0,2.0,2.0,20251210_SEP_projections.txt
20251210,core_pce,2025,3.0,2.9,3.0,2.7,3.1,20251210_SEP_projections.txt
20251210,core_pce,2026,2.5,2.4,2.6,2.2,2.7,20251210_SEP_projections.txt
20251210,core_pce,2027,2.1,2.0,2.2,2.0,2.5,20251210_SEP_projections.txt
20251210,core_pce,2028,2.0,2.0,2.0,2.0,2.0,20251210_SEP_projections.txt
20251210,fed_funds,2025,3.6,3.6,3.9,3.4,3.9,20251210_SEP_projections.txt
20251210,fed_funds,2026,3.4,2.9,3.6,2.1,3.9,20251210_SEP_projections.txt
20251210,fed_funds,2027,3.1,2.9,3.6,2.4,3.9,20251210_SEP_projections.txt
20251210,fed_funds,2028,3.1,2.8,3.6,2.6,3.9,20251210_SEP_projections.txt
20251210,fed_funds,longer_run,3.0,2.8,3.5,2.6,3.9,20251210_SEP_projections.txt
20260318,real_gdp,2026,2.4,2.2,2.5,2.1,2.7,20260318_SEP_projections.txt
20260318,real_gdp,2027,2.3,2.0,2.4,2.0,2.7,20260318_SEP_projections.txt
20260318,real_gdp,2028,2.1,2.0,2.3,1.8,2.7,20260318_SEP_projections.txt
20260318,real_gdp,longer_run,2.0,1.8,2.0,1.7,2.5,20260318_SEP_projections.txt
20260318,unemployment,2026,4.4,4.3,4.5,4.3,4.6,20260318_SEP_projections.txt
20260318,unemployment,2027,4.3,4.2,4.4,4.0,4.5,20260318_SEP_projections.txt
20260318,unemployment,2028,4.2,4.0,4.4,4.0,4.5,20260318_SEP_projections.txt
20260318,unemployment,longer_run,4.2,4.0,4.3,3.8,4.5,20260318_SEP_projections.txt
20260318,pce,2026,2.7,2.6,3.1,2.3,3.3,20260318_SEP_projections.txt
20260318,pce,2027,2.2,2.0,2.3,1.8,2.4,20260318_SEP_projections.txt
20260318,pce,2028,2.0,2.0,2.0,1.9,2.2,20260318_SEP_projections.txt
20260318,pce,longer_run,2.0,2.0,2.0,2.0,2.0,20260318_SEP_projections.txt
20260318,core_pce,2026,2.7,2.5,2.8,2.2,3.0,20260318_SEP_projections.txt
20260318,core_pce,2027,2.2,2.0,2.4,2.0,2.5,20260318_SEP_projections.txt
20260318,core_pce,2028,2.0,2.0,2.0,2.0,2.2,20260318_SEP_projections.txt
20260318,fed_funds,2026,3.4,3.1,3.6,2.6,3.6,20260318_SEP_projections.txt
20260318,fed_funds,2027,3.1,2.9,3.6,2.4,3.9,20260318_SEP_projections.txt
20260318,fed_funds,2028,3.1,2.9,3.6,2.6,3.9,20260318_SEP_projections.txt
20260318,fed_funds,longer_run,3.1,2.9,3.5,2.6,3.9,20260318_SEP_projections.txt
20260617,real_gdp,2026,2.2,2.0,2.3,1.8,2.6,20260617_SEP_projections.txt
20260617,real_gdp,2027,2.3,2.0,2.4,1.9,2.9,20260617_SEP_projections.txt
20260617,real_gdp,2028,2.2,2.0,2.3,1.8,2.6,20260617_SEP_projections.txt
20260617,real_gdp,longer_run,2.0,1.8,2.0,1.7,2.5,20260617_SEP_projections.txt
20260617,unemployment,2026,4.3,4.3,4.4,4.3,4.6,20260617_SEP_projections.txt
20260617,unemployment,2027,4.3,4.2,4.5,4.0,4.6,20260617_SEP_projections.txt
20260617,unemployment,2028,4.2,4.1,4.3,4.0,4.4,20260617_SEP_projections.txt
20260617,unemployment,longer_run,4.2,4.0,4.3,3.8,4.5,20260617_SEP_projections.txt
20260617,pce,2026,3.6,3.5,3.7,2.7,4.1,20260617_SEP_projections.txt
20260617,pce,2027,2.3,2.2,2.5,1.9,2.8,20260617_SEP_projections.txt
20260617,pce,2028,2.0,2.0,2.1,2.0,2.3,20260617_SEP_projections.txt
20260617,pce,longer_run,2.0,2.0,2.0,2.0,2.0,20260617_SEP_projections.txt
20260617,core_pce,2026,3.3,3.2,3.5,2.6,3.5,20260617_SEP_projections.txt
20260617,core_pce,2027,2.5,2.3,2.6,2.0,3.0,20260617_SEP_projections.txt
20260617,core_pce,2028,2.1,2.0,2.2,2.0,2.4,20260617_SEP_projections.txt
20260617,fed_funds,2026,3.8,3.6,4.1,3.4,4.4,20260617_SEP_projections.txt
20260617,fed_funds,2027,3.6,3.1,3.9,2.9,4.4,20260617_SEP_projections.txt
20260617,fed_funds,2028,3.4,3.1,3.6,2.9,3.9,20260617_SEP_projections.txt
20260617,fed_funds,longer_run,3.1,3.0,3.5,2.9,3.9,20260617_SEP_projections.txt
20260916,real_gdp,2026,2.3,2.2,2.4,2.1,2.6,20260916_SEP_projections.txt
20260916,real_gdp,2027,2.4,2.2,2.6,2.0,2.9,20260916_SEP_projections.txt
20260916,real_gdp,2028,2.2,2.1,2.3,1.8,2.6,20260916_SEP_projections.txt
20260916,real_gdp,2029,2.1,2.0,2.2,1.8,2.4,20260916_SEP_projections.txt
20260916,real_gdp,longer_run,2.0,2.0,2.2,1.7,2.5,20260916_SEP_projections.txt
20260916,unemployment,2026,4.1,4.1,4.2,4.0,4.3,20260916_SEP_projections.txt
20260916,unemployment,2027,4.1,4.0,4.2,4.0,4.5,20260916_SEP_projections.txt
20260916,unemployment,2028,4.1,4.0,4.2,3.9,4.4,20260916_SEP_projections.txt
20260916,unemployment,2029,4.1,4.0,4.3,3.8,4.4,20260916_SEP_projections.txt
20260916,unemployment,longer_run,4.2,4.0,4.3,3.8,4.4,20260916_SEP_projections.txt
20260916,pce,2026,3.7,3.5,3.7,2.9,3.8,20260916_SEP_projections.txt
20260916,pce,2027,2.3,2.2,2.5,2.0,2.6,20260916_SEP_projections.txt
20260916,pce,2028,2.1,2.0,2.2,2.0,2.2,20260916_SEP_projections.txt
20260916,pce,2029,2.0,2.0,2.0,2.0,2.0,20260916_SEP_projections.txt
20260916,pce,longer_run,2.0,2.0,2.0,2.0,2.0,20260916_SEP_projections.txt
20260916,core_pce,2026,3.4,3.3,3.4,2.8,3.5,20260916_SEP_projections.txt
20260916,core_pce,2027,2.5,2.3,2.6,2.1,2.7,20260916_SEP_projections.txt
20260916,core_pce,2028,2.2,2.0,2.2,2.0,2.3,20260916_SEP_projections.txt
20260916,core_pce,2029,2.0,2.0,2.0,2.0,2.1,20260916_SEP_projections.txt
20260916,fed_funds,2026,4.1,4.1,4.4,3.9,4.4,20260916_SEP_projections.txt
20260916,fed_funds,2027,4.1,3.6,4.4,3.1,4.4,20260916_SEP_projections.txt
20260916,fed_funds,2028,3.9,3.1,4.1,3.1,4.1,20260916_SEP_projections.txt
20260916,fed_funds,2029,3.6,3.1,3.6,2.9,3.9,20260916_SEP_projections.txt
20260916,fed_funds,longer_run,3.2,3.0,3.6,2.9,3.9,20260916_SEP_projections.txt
